AR05,AR06,AR10,BR05,BR06,BR10,CR05,CR06,CR10
pQBR0001,19613.9365421108,19649.5840396859,24016.0796831951,19924.8045471293,20783.7310720331,27362.8489425568,19794.2069072624,21517.1647060464,24128.1592174252
pQBR0002,14838.4677388458,15527.8777879035,17105.943676279,14804.6908382394,15549.7030036952,19181.9201046077,14348.4968866065,16882.0320570229,20160.8817310901
pQBR0003,6621.80537494186,5949.9008772294,4221.28510506738,4702.57885885399,4813.99996446552,5435.7064093204,6205.77291931121,5751.65761458792,3535.64027397019
pQBR0004,3475.50655739174,5203.4823034223,2955.74136993259,3376.47710888946,4204.62600513417,2276.96847111407,3312.4252416594,5659.68055940604,3812.23707996494
pQBR0005,26631.6182977565,35418.6990075608,19496.2580147171,25431.8876988944,30669.5172524416,20539.9633200252,24734.2801247541,45180.924564314,25570.15643754
pQBR0006,12685.2794244898,21229.7642138672,8189.01497183818,12245.3494726583,16649.6095175287,8829.3045024247,11669.8886021614,20827.6956159999,7897.92841524016
pQBR0007,12282.6675242336,22356.1012137957,7850.16393937799,12882.812113894,18028.1740877247,8698.13988339639,11502.2701493087,20653.4207142749,7181.69471091691
pQBR0008,6305.23804060506,14279.7621053506,4698.10447919952,8649.9583868935,10665.466043722,5351.18336059639,6612.62442190505,13046.5974651562,5147.27058786342
pQBR0009,5676.00153784684,12448.2354972895,4074.15960219161,7436.07377166521,9241.11516232348,4575.39697780356,6419.99940494211,12403.2771137357,4481.93129723547
pQBR0010,3985.55735589431,11569.1482471796,3424.7178878265,5993.75606651958,7766.4410613418,3830.92892133392,4144.01684799351,9326.1241517224,3764.15459041564
pQBR0011,5467.98731538526,10985.5210909502,5173.07223335331,7463.96174644893,8130.41181509449,5793.07972408455,5306.41233281359,10346.9708127995,7285.11256496066
pQBR0012,6412.2069808885,9749.45115727739,4737.9687681453,6743.43811311599,7494.63417756575,4783.44726295261,6130.84926042795,8856.7134751197,5035.25954566942
pQBR0013,202.947620439957,93.5350566247573,104.772608326512,124.971167841252,86.1584115948945,108.921454541259,184.763568971237,127.901732760283,120.805381967759
pQBR0014,5308.02517233284,9407.16524759204,3147.75682948937,5537.9328671379,6050.09313113795,3260.81024814234,5140.80319666549,6592.59882649896,3036.27453949736
pQBR0015,2318.29196062919,5209.04101893795,1884.56673301803,3183.18118168922,3625.17473880935,1913.76422547611,2439.89959819008,3740.1999833287,2058.64220107705
pQBR0016,5023.91783666478,8867.04476713907,3413.00973733572,5533.42926220393,6207.6905184037,2913.55920895729,5821.74306963029,7292.51653023153,3404.08794419015
pQBR0017,3515.73366682264,6296.37431775715,2337.58820548855,3694.10757000817,4480.75642951039,2212.87451659384,3890.31195815602,3995.97887484076,2182.89391309119
pQBR0018,5892.44386473526,10179.5618246368,3966.75023061945,6902.8094428408,7602.6536288767,3950.96111477382,6164.2248699624,8672.46771867645,4587.82596011676
pQBR0019,9815.25895458931,12246.8350203268,5840.87544919844,9547.95978719239,10644.059838471,5572.33660246385,8679.33124170873,12576.8188589415,6846.1973858194
pQBR0020,11534.3366427031,11586.7628986736,6000.40818830272,8596.33662748024,10955.2567986599,4955.50455019035,9290.24667655597,12536.1653246774,6971.26491736157
pQBR0021,1781.53114775347,1838.30009980814,1864.91715123941,1611.0117649601,1747.94581431734,1928.00941207071,1363.35252972004,1889.05069496567,1779.2221515151
pQBR0022,2401.58749644423,2484.2465634504,2835.8717231003,2149.44622984738,2379.52779800622,2553.30043020468,2058.75586733604,2169.85552800111,2334.8608573587
pQBR0023,591.524013902519,813.455736129818,789.167922944201,799.728688650787,639.069411382491,673.543044519511,622.293964937846,861.560283176909,835.667357794603
pQBR0024,746.140715880976,920.62828584243,845.361742960689,920.238847103074,865.991038974391,786.612712957295,779.607651823699,904.606173536979,754.186482021402
pQBR0025,1296.33383895243,1421.81384342932,1080.6876035706,1293.03501659748,1268.56986901166,893.895272869149,1028.85935536391,1236.46954579571,1174.54370206882
pQBR0026,2130.44438367482,2257.73015439085,2687.5504420361,2156.14897757526,2463.83883168514,2965.1506768972,2212.04089560902,2183.08446382316,2570.98006379314
pQBR0027,313.257787644151,392.489659136683,367.609654246766,284.558762455432,518.9913538389,410.710588870223,327.799919558809,660.125062039773,342.783635290965
pQBR0028,684.321356482798,985.622324708325,661.767833750385,679.078054315602,988.653913217838,851.366461739191,587.282870721742,1258.40964773281,724.714235451148
pQBR0029,540.996414263362,1298.21917186763,672.562308523335,523.992012774383,1156.79669104418,835.687562384233,422.356936202977,1534.13314939888,628.068080146027
pQBR0030,647.068538328543,1525.93868467259,727.328609833368,607.543048578604,1503.35595937629,1064.03128712858,476.650696548137,2017.23239824683,1125.1442885726
pQBR0031,710.45421652151,1575.90971425928,976.81470638414,911.39032006871,2021.56548599186,1338.59189499049,559.242153512425,2254.98538727536,925.219396087199
pQBR0032,627.371556149722,1205.09619538615,729.750189615422,650.031190409061,1361.34350688981,990.813664808293,583.58270156713,1360.82342163327,752.16656848282
pQBR0033,1180.73157012822,2542.40618199272,1505.3818949698,859.009276760565,3031.07263829884,2302.21870475557,936.48714164073,3537.81956840197,1487.61527918555
pQBR0034,783.359801795829,1327.70100615175,884.420836720455,644.445336797784,1460.10390689189,1266.76210203046,621.655714717397,1721.35326320884,906.016537266681
pQBR0035,292.043856006729,625.844972754958,374.841014828409,295.550860936567,722.857883877062,577.171675572573,287.322013525588,771.958013726511,422.367476119365
pQBR0036,1342.42601137284,1855.73314441721,1505.11349102016,1611.49764679805,1864.45687071239,1874.80649617812,1255.66734764907,2135.23782940461,1497.86540709625
pQBR0037,862.468697563733,1162.94249063778,967.899334063968,984.359364139061,1189.14901343771,987.161421187768,880.88128169648,1320.91514760757,1052.75590431977
pQBR0038,1101.94247797232,1178.7626624246,1121.13274092425,1079.65030093195,1260.28519790346,1155.81386837829,1061.00304363156,1374.87835215633,1317.78598472361
pQBR0039,610.100801115987,681.985042930688,604.906783911002,527.633090450419,690.691398735931,642.654585339634,613.036699343729,717.729558216797,590.996619645621
pQBR0040,1769.42835463014,2250.61467964764,1953.25337449816,1603.11746283316,2237.99028220849,2882.51158012612,1658.54869785608,2417.36334526159,2400.45142346471
pQBR0041,2002.9947749849,2522.02978114546,2348.40214332129,1792.97987686462,2672.16159016658,3147.11769821269,1678.06418225825,2488.80633386161,2164.37381547998
pQBR0042,1971.52823691831,2238.60445474357,2012.45551541152,1875.97531840147,2120.38432866786,2350.72412517765,1521.08641180375,1965.28026182847,1875.19916049549
pQBR0043,1151.4183499632,1338.66136061576,1358.99510046585,1155.69191897962,1347.62361511568,1518.20329314297,1049.8389377397,1539.59880194653,1888.41265413956
pQBR0044,261.279066075237,243.289720469055,236.78193097854,215.947446419457,211.113789007073,223.085423681422,249.733709207844,201.124892335069,237.90890922957
pQBR0045,519.217442133176,491.146648794047,519.292145099561,527.697310641564,530.304886433309,445.149797694233,529.602626104446,519.346128740207,488.517729393561
pQBR0046,878.686003825085,929.051618707345,975.610709167631,857.351400534539,918.861684609858,938.018704935355,902.900321083251,951.213419655097,909.709446753808
pQBR0047,822.618658732406,888.449081534729,903.063971973558,818.274039325475,880.674809791742,785.916067082965,782.31241306472,877.539095446356,953.354059276702
pQBR0048,1144.53018503929,1265.98611524671,1257.6552446421,1191.54680308547,1330.46438505342,1281.60529693161,1116.07699013969,1423.37773295088,1718.93740281137
pQBR0049,1114.05194435137,1216.97574764447,1175.45026690628,1141.2761358327,1297.6825993426,1261.39358973628,1145.78094918327,1222.40716004948,1152.5457683624
pQBR0050,1863.75566226517,1828.91229023251,1610.16907354938,1859.12636851531,1772.47019884746,1576.67994735186,1657.45604122869,1916.41934783582,1607.77488197994
pQBR0051,1562.2224083623,1806.37675268611,1602.99277512642,1567.19117517986,1664.74112953555,1324.55106734599,1574.16741712885,1749.58537167672,1734.32770373188
pQBR0052,10185.4280608898,10108.6795950805,9482.92124748063,10071.4721668503,8938.16552719673,8066.33256897989,11627.1850419948,8405.1098762646,7852.02753697868
pQBR0053,550.790046513781,360.882876736528,394.92363202717,370.79680623016,406.695347138039,364.609229789877,462.693865694963,547.79466893758,459.534198073437
pQBR0054,581.20491656748,413.248063657665,479.928058865819,530.457647227491,397.870193952455,420.753502458763,612.424985758215,407.375053132107,433.820682500114
pQBR0055,1176.21545095996,903.362386709236,957.390623096169,1079.69000104703,871.490029581513,860.296984338925,1262.77976770988,861.662667048945,885.326374610012
pQBR0056,939.967048416721,747.766524115505,814.667407633872,870.312030402152,896.127814770208,760.346228906221,931.845321855646,948.452687805008,820.499670228754
pQBR0057,845.484990538001,999.09916138766,870.00951505068,875.492459154545,867.393281579207,876.926630511677,858.765671614227,716.052324240365,653.510652837128
pQBR0058,1263.23582624321,1724.22334986216,1666.88668841707,1664.824784751,1467.94464378864,1392.53377923903,1514.30280762943,1463.67769604989,1501.53883680593
pQBR0059,594.904151124819,1261.41091032342,1264.8684479245,1002.96800952595,1041.2789524693,1282.93913241812,742.307801033002,1452.34447735536,1875.22145456959
pQBR0060,2464.64273668909,2530.45733547334,2741.54991787706,2359.8722194023,2722.80162097047,2823.24410170943,2691.90255348371,2768.83565919947,2476.51033033906
pQBR0061,1920.52560738508,2461.18809510377,3007.01309964817,2265.53536967045,3128.67682472349,3055.65066594972,2357.72499974204,2689.87510133435,2390.21331374757
pQBR0062,2299.23756156165,2582.34804321968,3034.47339178186,2533.18213305126,2886.85770404383,2898.85624293532,2508.96747209191,3008.52284001103,2406.47390035564
pQBR0063,1319.17369924395,1292.60016092416,1060.84066592756,1185.08653971276,1114.13160652722,1059.22259789353,1032.71434036146,1269.25081766026,1276.02055000428
pQBR0064,2045.40963875263,1733.41476124251,1309.61136727278,1969.36765270612,1274.25857325044,1048.33198781487,1447.58867960299,1396.34106736245,1225.19573347436
pQBR0065,1299.40723435944,1392.39283800818,1305.39208474072,1305.46804560323,1453.01683909142,1230.85288460173,1249.20974181687,1588.13517097013,1628.24752431019
pQBR0066,295.55445466568,329.71693519479,299.863549668143,297.73832619021,273.247211254303,374.422277242356,161.578082124213,205.565260547473,253.022878291447
pQBR0067,2561.69332954051,3032.94102181249,2636.20582259604,3162.54814476134,2641.43413923245,2265.21770580366,3494.80290709094,2916.28582963349,2710.19130509926
pQBR0068,3614.57178303981,3736.23169353712,3154.66320501639,4181.2817112799,3362.76621001955,2561.41586785391,4463.20054157161,3120.5963184286,2312.2715752558
pQBR0069,2949.42378905852,2524.48585134942,2377.19066984754,2926.23120586195,2582.19268024152,1928.00941207071,3081.37194664648,3009.26676686105,2833.79422145286
pQBR0070,5061.45724299245,4857.75944741927,4624.69548120939,5140.90077502255,4967.17394149756,4030.82606309913,5237.7280275777,5537.15381994706,5150.82287950445
pQBR0071,5186.17476904453,5110.7511485618,4742.20597598673,4934.29521069466,4694.45536051413,4019.9986588252,5039.06332583817,5174.03140249331,4822.09150060925
pQBR0072,4643.41116187691,3802.359688113,3324.96392313205,3876.24435285307,3318.06925490089,2913.42721044289,4537.78962043172,4338.80742017587,3749.16090123222
pQBR0073,925.406457305274,1005.09975695155,876.853247715779,916.64808757634,838.90226138135,988.058787167328,822.810909195596,1099.8189293888,1030.76073595639
pQBR0074,1359.57936830186,1483.70502288061,1303.41226527903,1308.09365421314,1331.23259591147,1408.01749489325,1339.51674837801,1331.11955635184,1108.5466631977
pQBR0075,1122.39598806968,940.149648629728,880.528139375735,899.205689359165,992.504083887794,1083.3235822374,1163.95265554572,986.951685892798,983.91599018703
pQBR0076,432.657564454414,505.399107399847,549.582185213669,560.214234357223,503.541527930902,576.023587322926,382.412029039088,498.238764853594,432.75356159771
pQBR0077,1295.03610355925,1829.82867077676,1846.41429935074,1762.56470022621,1710.32066949429,2158.97108618586,1565.59024663096,1686.21511832633,1994.48718512938
pQBR0078,71582.2926690568,102403.163595562,89631.5112482153,68123.7893003674,72018.9677223612,72400.2521986927,133438.264422376,83222.4687362071,112586.614961002
pQBR0079,62422.6914063406,93788.5360547275,80103.3942043092,69816.2603248142,70300.6752452877,69192.8167966481,141064.694087988,62282.7968258499,84127.5279360437
pQBR0080,3588.32459874457,7187.9392151447,5334.7999952294,5061.78022290345,4284.88604839457,4925.96692563626,9940.64423991036,3987.26393418647,5694.29007848443
pQBR0081,2841.02056118659,4370.05535309665,4189.47418552667,4160.86436928751,4539.74033543033,5235.09873853709,7398.01005524307,3982.32308668438,4705.92635376347
pQBR0082,4537.57237932208,5873.65338731291,5755.96473375173,5668.4105481122,7182.94734565695,7502.90865610024,9472.89179302569,6248.53673920981,6125.67051955151
pQBR0083,2127.4451122756,2848.94158325105,2923.88413803602,2931.5132116487,3704.94992063115,3869.82977981529,4945.16270803941,3411.10298782513,3428.83209331718
pQBR0084,1194.57201895671,1611.76618669456,1561.38165065265,1754.47432627702,2036.19760930454,1989.35724781786,2476.27857550397,1702.28836606975,1714.04973801126
pQBR0085,5583.52947461068,6953.38578125184,5951.07188269458,6059.14959468385,7632.47362337442,6498.47497798421,6712.35731842136,8384.18857213317,6004.93879901649
pQBR0086,5834.41077066584,8196.40356169464,7292.71978481991,6601.95770799627,9216.22566400249,6651.59644306395,7835.49270634783,8273.11924094101,7255.94179547584
pQBR0087,1349.36469394381,1410.99424470417,1401.08698497918,1412.98637820008,1671.12566725605,1560.94595413708,1479.55816111923,1613.63163995352,1556.4379026976
pQBR0088,628.643502481356,558.881157473484,423.809132930428,570.89275388765,595.958954597379,321.80793780245,401.921973684627,429.989719310311,479.640846118993
pQBR0089,12046.4281997455,10734.1357940637,12269.9210554636,11621.3798586798,9686.94686727143,10240.9792485684,13788.6319104256,10081.4687783574,8893.33098227116
pQBR0090,2351.2028621636,2480.40861907959,2372.2913419692,2789.54254849711,2541.53398448567,2326.52909495422,2481.59461347803,2701.01335477187,2523.4456505491
pQBR0091,1676.97057941364,1574.59377968697,1390.66786421265,1881.46696751001,1356.29127400216,1482.45503426108,1816.32051016234,1181.05555485501,1246.45889603633
pQBR0092,7159.72364336186,6025.86122942202,6648.32608768739,7216.60990622937,5931.46385405681,6873.05843571612,6991.5272832666,7573.66910919023,9314.40470710389
pQBR0093,6316.04018013844,5811.87395772074,6608.02838992379,6490.99447229647,5619.31516575415,6162.35134786603,6949.01554712702,4674.26273335085,4674.00149632988
pQBR0094,1660.20079912026,1681.37594591211,2011.48852903539,1758.78818378499,1826.67867532189,2109.88265202773,1699.16034758848,1523.17492213039,1761.91875827885
pQBR0095,5139.95280591384,5712.6727141899,6868.90674780959,5001.9664050646,5149.30215264649,6015.28569223125,6794.24388855488,4297.42726856876,4562.56260130554
pQBR0096,5077.10407267935,4715.94327978618,5278.55304727464,4615.62608876543,4118.87673919653,4031.47835896478,5722.92735568496,3748.33146329095,4283.59249673074
pQBR0097,1654.23334546951,1463.25124604379,1768.38914538283,1565.35041407575,1760.07563170716,1684.40631482962,1703.19540203046,1662.88540615463,1761.46335435202
pQBR0098,1773.43327890004,1611.4968407409,1710.29271000924,1689.76166941716,1601.79461148024,1926.62831650333,2498.49363034938,1447.29841509077,2022.11114781615
pQBR0099,1713.29622078022,1672.08903309161,1789.57028680155,1719.90234579473,1595.01010509371,1878.74148365724,1787.1006172574,1830.63150767333,2080.14000903064
pQBR0100,5357.837720872,4116.91387013908,3909.57233405168,4130.0559247242,3468.90666970401,3558.8652094323,4483.13673266802,3622.78541529547,3415.80885693453
pQBR0101,2677.02047846137,2732.03586261809,2807.94325523905,2924.31047648495,2502.74059777255,2497.27189411868,2711.02754065614,2475.23249032501,2731.49698155539
pQBR0102,3048.06243275975,2795.15592612522,2804.8110906191,2987.12236602981,2957.38564795203,3220.96010441289,2593.86082581569,3207.9029609129,2480.93957151833
pQBR0103,5140.21223103202,4747.67121014965,5356.36143255063,4806.97739966564,5391.48589620685,6558.3624843265,3982.68137560221,5602.48188092521,5702.15169882919
pQBR0104,1419.65763336605,1291.74982882115,1461.80742483402,1335.08049644461,1392.46652768806,1791.8315227811,1644.87431813301,1043.18650503583,1245.5072554072
pQBR0105,2726.91049781776,2860.47927759763,3739.15866832073,2862.79282273671,2999.00335998695,3398.30458108901,3571.87137509826,2696.7501305815,3364.5863590799
pQBR0106,1174.00900916563,968.455670558582,930.824538326073,1144.11806243878,853.663526527555,755.009255456107,906.171886021852,650.526416061666,901.394003913279
pQBR0107,4184.08768881829,4356.50754342032,4705.67342779458,4988.91511492531,4851.20586082929,4325.85081308826,4424.3931669986,4980.62184022771,5235.23615633976
pQBR0108,3504.77978237243,3221.75726197474,2988.25170822164,3062.11905786025,2861.96254973614,2643.54639368605,3445.95283084332,2803.66075483819,2701.83463152131
pQBR0109,1212.23262723661,1095.1609604061,1044.08653219982,1244.6025203312,966.245981158454,1045.4941566908,1130.9704951623,1000.65073539711,1187.20185881261
pQBR0110,1539.47528528697,1770.16034455578,1887.18991291803,2157.81419010194,1690.51577644574,1494.82578497846,2335.11433595091,1721.65158036375,2259.24839855502
pQBR0111,18055.78494496,15094.0951158897,17271.4872688043,17851.6028410846,13610.4863651654,14498.2259322502,18977.1795397165,15029.7262533906,19104.1714262217
pQBR0112,9487.32818419168,8694.86297207639,9479.34743805555,9807.96447248658,7911.29439635448,7430.98470031983,10805.2861184662,6871.59595552008,8290.09333902062
pQBR0113,5104.48117325415,4933.41953511777,5424.100075547,5191.82187245438,5120.67388845128,4929.47153167191,6187.1175613599,4176.1829814804,4353.96587130067
pQBR0114,2876.59920457807,2489.15614163904,2508.07248237994,2546.88715390413,2267.77009251631,2285.96427230864,2873.86667444023,2123.44150601178,2116.91016070543
pQBR0115,2266.15745298151,3485.04519421105,3146.44198648194,2808.73427993422,3878.49785444023,3395.69870573061,2565.76588620527,4199.75492815747,3618.18292479876
pQBR0116,3489.09228878735,4578.1385944288,3985.57378627988,3917.85829224895,4476.36691607658,4270.63825131875,3548.89517314262,5019.55433598274,4074.72260248518
pQBR0117,6500.60582072818,7687.99591643137,7043.18528489325,7998.4400641411,7823.97239588644,6874.73427121714,6737.82397105306,9070.38077119946,7908.80629460898
pQBR0118,2599.74804110157,3665.61381509121,3548.84965348383,3977.59795144733,3760.22110319636,3899.28595871344,2811.99085406289,4548.32032827143,4661.89711398899
pQBR0119,463.265017365526,530.136088883224,544.985055300853,512.680828784478,610.091517648049,591.238020289868,462.928532180808,606.016804638627,632.029184713819
pQBR0120,2053.55127431088,2784.41589037894,3174.57680630759,2025.0657418369,3482.97200403262,3280.18226879543,2182.37046308435,3854.98136007529,2693.70068611294
pQBR0121,1186.96187090454,1666.45111088598,1826.96788176189,1506.92050806474,2227.86924855424,1925.60028296069,1250.20261226611,2145.47944201648,1524.91466827434
pQBR0122,1492.49870565394,1241.84053114889,1614.01014607002,1146.63772741465,1412.12037280828,1573.1907759889,1639.46766050641,1270.23756933308,1448.83748272972
pQBR0123,434.660608734296,413.374361067968,574.113129127729,455.621906568557,465.861400217363,598.270139116499,538.809260176637,459.498817694352,526.740529035744
pQBR0124,1254.9842815104,1343.60588142659,1501.48486438128,1373.55368063469,1346.97472779124,1462.89892022337,1453.38693056546,1282.55713949852,1512.2287684699
pQBR0125,590.212683558446,541.875468318882,531.337509565017,644.570166406275,618.792920602456,620.175140637667,508.631597366066,530.361285965288,516.944031159905
pQBR0126,1911.26917010252,2235.42834577688,2135.82644732445,1923.84764615212,2706.83916589628,2783.78543064728,1797.85009465444,2416.55451087029,2098.38685121512
pQBR0127,4707.92445936774,4980.95590230272,6001.42710631737,4076.99742813389,4626.74686973749,4884.45695030137,4375.20526117839,5222.3807934108,6275.08902724244
pQBR0128,4170.80043170104,4098.86835441091,4994.6087430865,3581.40307748822,3780.94507355039,4031.09924683773,3593.34874112828,3925.37665201286,4426.07568588187
pQBR0129,453.576149528271,489.105147849135,495.847800641118,419.321497127721,576.987956208176,619.304099141382,433.648876195681,651.67914081809,569.749040209337
pQBR0130,3554.75854863182,3196.3850403717,2488.10280790455,2894.71822218504,3071.23539759952,2791.17073328745,2840.7543710157,3367.0619579072,2256.03132052872
pQBR0131,4469.42566318784,4973.96202412358,2882.16437680805,5353.54687779021,4755.71628281531,3106.31119994172,4337.67776403933,5292.96106458051,4107.61824568077
pQBR0132,2206.3845718564,2069.08035787377,1393.87586389941,2201.35844297032,2033.94227523591,1276.65021510234,2196.17911792648,1770.98502653031,1492.93381898137
pQBR0133,1602.76582296171,1674.7229186147,1409.66782112034,1691.2764714516,1895.48505508768,1732.57727023629,1743.27848871935,1755.88551641278,1737.73895599777
pQBR0134,11607.898047029,13945.7163033832,7830.62733228904,10221.6133160381,18849.4223592744,12149.0915017151,11341.6843325973,16832.9203561595,9501.5453307537
pQBR0135,4894.81955842265,3491.33243301817,2422.53677754359,3827.31535502556,2981.52507140956,2855.62905812304,2694.26992706893,3742.32663847548,4075.3165529037
pQBR0136,387.023354814435,554.967214829378,368.960231756475,326.865546385347,643.730163466229,653.668486993967,329.807122282261,753.654964586552,495.326691132262
pQBR0137,23754.1021151153,18234.9526907236,20397.582262311,22328.7991292065,15544.9418137726,16367.9554671906,17163.4602139048,16507.9204875378,17198.0252810121
pQBR0138,22872.6085516382,17006.3472341698,19056.7872381615,20354.6446294054,14159.9326756237,16732.7771732216,13550.963966163,15006.9284196441,16591.592929173
pQBR0139,2111.92674347284,1540.68121572478,1840.06019769165,1692.53404295189,1495.62923638227,1525.66760904358,1740.85758241732,1895.79386419808,2125.92925451245
pQBR0140,1054.37933321071,1119.38382700927,870.454923271652,921.688183318454,1500.6840390717,1149.09434009098,1045.04242706918,1936.73055391834,1050.38474836176
pQBR0141,1424.12196554644,1242.63276625421,1243.4933125453,1322.76872275745,1196.08528189117,1210.03515508204,1413.66402600975,1011.1141436529,1113.98692936452
pQBR0142,7353.29369346703,6557.09047473725,6983.35948971378,6564.83931013802,6024.106683479,5920.01246089797,7714.44314711153,5426.52088992927,5534.02753072764
pQBR0143,253.72604511223,179.251833440454,75.3538649827364,146.154223950513,121.238383820669,94.4140437874658,174.77192206765,92.8774205977945,28.7678937419132
pQBR0144,2167.89572234193,1790.16870706038,1996.95822653801,2087.41078912598,2097.00722652091,2084.6491837762,2067.24380818814,1796.78461448195,1588.55535218798
pQBR0145,3129.13373095993,3299.23654276417,3652.14647593362,3744.9294664314,3285.32816635578,3104.90768697914,4094.63473962931,3735.3516328359,4213.69350154677
pQBR0146,7588.60433009601,7045.08632720436,7136.9093418488,8263.95363430246,5955.54228651982,6990.87409446386,6931.15032947546,7132.60745401684,10223.5526379325
pQBR0147,19678.3476752979,17523.6592371388,19026.2611822411,19104.5923702278,15369.9556960707,14846.4735083736,26340.4589478891,15806.7593286857,15531.0186874258
pQBR0148,9058.9595365996,8564.25426437726,8156.41883479803,8723.4011314777,6413.95953516457,6124.42421605466,12038.6666049158,6453.62287452043,6629.40129119199
pQBR0149,870.425257622857,622.54997755758,769.919924823611,782.693440164815,601.227827797301,597.318395510278,829.071959586484,676.584873297982,656.527128834475
pQBR0150,569.024327484141,465.175003345473,402.436672361789,525.543373310327,421.830237694245,407.058854284376,644.436940377352,352.376393937386,431.341915983042
pQBR0151,2081.04448346676,2270.1424732122,2723.42089384352,2285.76456336389,2404.03519539315,2569.45066757182,2534.83529859889,2516.36778565753,2752.18524271747
pQBR0152,2802.20003448723,2967.11801823871,2859.27125022729,2147.13535231567,2670.33483423053,3443.07124949305,2918.68071398299,2338.03810179773,2226.97342143281
pQBR0153,763.622111622534,670.220366059082,600.142710631738,566.393543595051,603.912222997314,628.504721281152,625.485216040091,498.772220916091,516.182891129827
pQBR0154,4318.23586672463,3680.44005296227,4114.87421503859,4112.48578584889,3813.59553842553,3937.82614849743,4342.48748118621,3704.61975138001,3986.07099238287
pQBR0155,140.803470537358,138.708503771601,87.5277388220526,158.793773968112,142.62171514249,136.423166361571,115.288145083222,138.655783584962,126.511439145723
pQBR0156,261.706455543996,235.970649826423,252.712503029175,279.333092305855,302.701428311446,301.071545586868,288.980838599105,309.161473646595,242.591526119141
pQBR0157,2000.66566479919,999.09916138766,1304.58653928445,1818.33049209021,1287.37202375503,1303.0636678286,1476.21957238033,1107.26451208292,976.510170906053
pQBR0158,2987.81965617085,2593.77499863765,2145.67847901662,3595.96974756326,2221.45440855736,1725.10156821969,2594.10598967065,2321.16850062463,2132.1029132375
pQBR0159,6195.37209539012,5326.42646228845,5747.98612488751,5887.08461023854,5371.00789520675,5456.98077345935,5367.17189029605,4853.24663652355,5513.63631590751
pQBR0160,5112.07291242431,4809.08420198974,4800.05249683134,5283.6086023035,4472.10772209123,4505.95287335622,4360.34943708173,4157.67206079303,5644.59141760867
pQBR0161,174.144669692902,84.2483617170135,98.5497503774222,210.118190197091,125.360488870571,173.272249884235,214.069123938619,87.3047753619268,45.069700195664
pQBR0162,5872.69017634447,5941.49726136146,5274.27498080847,6526.29543566271,5197.0174657828,4922.22460216334,8115.96834944149,6394.37010169619,5567.43355358202
pQBR0163,188.097195867367,191.566182907578,160.763154114112,269.382295124476,121.848388267565,140.871747873362,247.35206656649,124.266975854447,192.750919075796
pQBR0164,1036.9673148065,692.342007421229,954.509422327905,888.459619323581,646.504309251583,666.734607947215,788.496700915034,776.296139210333,1002.17097329489
pQBR0165,1506.80493363208,1090.8013322081,1112.95355469552,1352.24577849613,891.402216091373,723.88551629975,1414.64053811613,914.448142144205,1258.38172823537
pQBR0166,527.523055021263,462.144228838599,472.049265383656,642.543015419856,495.089859175878,502.288609220593,518.238252767911,598.855016503294,901.394003913279
pQBR0167,2819.61564346366,2524.81167554294,2168.31747153944,2874.22376426929,2870.58846035725,2543.34060640142,2948.71601847472,2831.84339230637,2333.01977483437
pQBR0168,909.777961619558,1242.33674164644,959.204586183408,1248.9542773953,1220.72197211372,1125.86037233177,1082.25037380495,1216.85457650283,883.579893164005
pQBR0169,455.692573673052,525.052111840362,496.645877432514,531.281748717716,576.268988775588,519.790662291987,543.162757050688,534.663747749292,545.287730762354
pQBR0170,994.860853149539,1058.75624519145,1015.21999389532,869.227754616767,1104.30310844408,936.141905925886,940.676923743255,1084.63093013899,828.024724524989
pQBR0171,293.441195030685,511.629727026398,421.429853587661,328.67217826192,585.2700799815,511.586873855892,304.894267988686,624.390737919598,586.553036039263
pQBR0172,324.49317334081,517.951020951048,417.36199785805,421.234863032481,605.755024026513,590.682309615717,374.81798660349,580.139433922984,629.931717020477
pQBR0173,1567.30202723611,1717.37045038528,1838.56878047878,1713.27139699166,1804.43127919762,2206.05157169684,1752.37980526497,2021.79479785515,1748.70436759176
pQBR0174,7266.59146997136,6378.00858804401,6131.48899407038,6856.44981934468,5897.59820807529,6190.0703330236,7165.67276911235,5451.61040721534,4641.56731426838
pQBR0175,10888.8080924651,8788.49816472443,8694.00225901539,9157.06003210897,7663.19622396081,8732.02143652435,9659.43495503523,7937.0982826197,6912.84897965148
pQBR0176,4835.8167559914,3443.7286541261,3228.0438307933,4583.43160536608,2955.8566940064,2409.2153669145,4981.98555287467,2679.85076888896,2026.49162923569
pQBR0177,17035.8916003926,13279.4270846258,13402.2061095659,15913.1468519895,12612.0249409181,13669.6821527297,17763.664090044,13847.6234605161,13004.6571291852
pQBR0178,29703.9189983428,25957.4150037945,26779.9674496711,24852.6891630968,30537.4719712086,29083.1995609521,29923.6409806672,43257.1198807962,39564.412085742
pQBR0179,1894.30006016061,1934.44763456648,2233.34666914999,1719.59074105774,2025.07602208328,2211.58052300435,1957.65259345861,1990.00991723268,2575.41143975223
pQBR0180,1709.18938738981,1606.73935181742,1856.91929797695,1635.42150767877,1739.80667717092,2013.04894150396,2011.96107953869,1786.33564038573,1621.44246857773
pQBR0181,500.67997506027,488.016047317487,528.241956518655,556.214455520172,540.855174246321,587.440891941549,675.201549001387,506.626901560439,514.560949602317
pQBR0182,414.346269895812,465.636766001059,431.640146830245,456.571173429475,505.509964665392,459.219713539935,442.95570417623,491.157200803214,376.172300845699
pQBR0183,531.333851084368,636.694771410629,540.294684086744,673.455737811189,623.136932982373,689.530134327507,655.046278881943,673.125461008392,537.673616369325
pQBR0184,226.592556566454,860.932163531525,263.009142202518,235.955294999541,1275.51039328606,635.465256830201,148.987168247893,2116.37776616888,611.895199736752
pQBR0185,488.70638530419,347.59813575551,391.959234455656,418.767022420776,400.60101126684,399.563503058989,574.773334888047,472.03060363147,393.335565343976
pQBR0186,170.448625806982,485.280391953632,202.879373555416,218.314561451589,664.340376177522,466.67939224398,146.283320667854,936.419391509816,444.288987710811
pQBR0187,171.430355727221,530.679085416312,197.564358067945,164.678987962887,559.069075580593,393.909302544004,118.353267293839,965.814496059449,316.338273071453
pQBR0188,127.149602077566,269.309461626419,111.616474870064,119.611872977471,335.909308341592,243.785643378569,97.2998533413254,426.366075621514,172.752930541255
pQBR0189,217.330304367148,666.066107591774,373.553741303307,239.450928999534,854.730605935715,602.61803256938,253.527170900604,842.414499106311,567.544372834287
pQBR0190,445.242729458198,1226.83874585491,644.989521927704,487.937742112258,1280.60266885127,946.232872507863,400.772968614059,1549.00230367404,742.657952909683
pQBR0191,2630.72457179839,2286.77014794199,1883.37956220119,2278.11645419002,2056.33419450923,1728.28086100617,2033.30182092074,2697.22458960857,2037.28176534822
pQBR0192,1348.86711723072,2062.74131408448,1577.39691915081,1539.09274714411,2406.680486632,1960.17883321348,1739.3875215092,2685.07947331557,1606.75313299176
pQBR0193,991.179147659203,1464.0362158516,1003.69561108823,1046.91755605194,1616.21787304208,1298.58138494172,1002.45900533624,1919.45187936868,1167.71495961493
pQBR0194,597.266965493806,808.50742947246,478.396846492341,545.302995470419,1006.86712155534,828.818244769487,454.335011294427,1191.12800314944,625.724963881548
pQBR0195,585.347457934059,874.496433021827,585.01546095031,473.853193833415,1011.48842790786,994.588484985421,321.893424433713,1572.2610147614,771.071979251119
pQBR0196,1309.56173526827,2389.46164576773,1633.0682487075,1028.05079976075,2935.6733736749,2506.94212541982,860.204990988913,4032.33656344023,2011.2736958065
pQBR0197,897.903118539209,1588.31148733423,1052.88194847673,820.234552462345,1970.02011453559,1571.26180320288,708.457744698471,2459.49687676143,1398.31633940393
pQBR0198,599.457600381448,847.17418611018,537.238068665692,580.146803975606,972.426154660491,789.04825396719,525.04329803914,1113.79255514982,691.024354550948
pQBR0199,4096.25714611612,4834.9278199645,4803.13452154944,5414.83906792794,4486.66160339757,4159.49388042481,4976.78126154709,5166.10027212199,5178.03937263748
pQBR0200,7052.2591943823,8028.20664197014,7566.25132679115,8584.90461839312,6327.18612481374,5784.97915447165,8640.0246235742,6021.19215754675,5634.94393703165
pQBR0201,8258.28192537548,8520.38411644944,8459.24840479275,9236.70446551807,6716.08835091368,6607.42678967556,9927.98217908532,6483.05703682864,5876.39552551157
pQBR0202,4156.90601142476,5098.74134825817,4956.17081018807,4741.92069505878,5629.30418680537,5723.95057903086,4146.18606442902,6284.32206552569,6066.73513418104
pQBR0203,3309.61828103487,4265.96961937043,4374.52542160283,3732.86894672488,4605.38320882636,5348.39123438528,3786.05740012605,4975.97319105424,5110.42426868481
pQBR0204,1471.86529854588,2066.54138906493,2291.13634266094,1926.20260584581,2905.69185341371,3115.38493748257,1784.27650123772,3231.40171499509,3283.83951278142
pQBR0205,4834.47800281671,5164.38834605487,5922.1666764072,4718.37311957156,5698.20403957143,6244.73083585206,5102.03747650905,5074.46520410284,4826.09708927483
pQBR0206,689.681860169908,1000.97063426155,786.690457839571,608.110527607727,846.267926669025,820.124631183531,625.99076076916,623.280574496299,740.749527968339
pQBR0207,1503.63738069192,1332.63930776641,1552.852580771,1229.29385380747,1326.90572940255,1157.72767442404,1546.09373823994,1349.3732885813,1072.78582155876
pQBR0208,1042.63380286556,1096.92854316288,896.136305942235,1092.98554169357,1108.50308092209,1066.93028717202,720.228752862491,1109.20001484415,1599.60493317398
pQBR0209,296.809630474802,320.532893058583,224.823269624519,270.545933548339,422.545007973979,438.132433990585,247.304729046574,406.899600982039,329.018545704847
pQBR0210,622.465270014343,1009.48480755593,663.315627540342,520.633089615573,1413.59292520137,1483.21696078203,531.343308523853,1656.84669841713,866.725003762769
pQBR0211,787.136905628699,1658.65967279878,881.215280293162,656.119253471495,2346.98304996209,2332.75245859601,744.288227371206,2966.26959541304,1361.01569897797
pQBR0212,1017.824288642,1351.31660100095,881.193023447753,762.922120498515,1831.92869528476,1800.48489435224,834.570397746327,2419.35630532987,1366.34662880285
pQBR0213,619.553151792054,626.877602716831,578.032189713726,646.517508298741,597.580885175568,502.261962610024,639.526720889971,629.159919612266,533.902602317866
pQBR0214,474.215462092799,404.187484350854,447.363998423824,406.200145016643,468.852227115614,461.540331848251,449.361747313013,429.268632319723,533.720133896021
pQBR0215,143.375352476117,121.339702636615,132.360701969676,158.190454158203,163.267690211834,179.836273880887,150.40977535519,156.425129427864,126.578732464418
pQBR0216,202.048651939737,338.595403616346,416.967869398854,417.693895810984,311.587187182558,396.49857126154,318.838256192874,286.541397550972,253.200562896989
pQBR0217,373.389404940111,492.706435752819,512.57682666339,503.707990198506,525.587769860013,619.449740648618,699.015138697306,459.498817694352,568.001701096039
pQBR0218,222.480311579639,273.354144834641,288.993640028578,225.974721502522,275.458204756534,302.440292827644,313.801316916525,248.260024725858,234.960522347063
pQBR0219,54.0821955568018,70.7969426193391,59.5232210788002,13.5823005945114,22.3458981943978,81.6819378425375,41.8348883991829,42.474680627209,68.1726557581472
pQBR0220,159.876450610147,172.989280877717,214.718704134075,132.008056973349,130.158179921154,171.740059160353,170.573007122406,126.316408051435,132.874813325862
pQBR0221,566.982645511773,590.793520448467,403.939383814434,608.92928107207,577.77138633794,454.065680354603,648.343479749198,600.554268707501,394.097843571387
pQBR0222,129.483749362082,123.97752225915,116.938562494948,145.232193893196,153.053209951774,146.996606476551,134.199046351814,121.201137420829,125.411339674891
pQBR0223,3396.80639216351,3036.1369554498,3425.6163230508,2723.34429865566,3543.81456707593,3632.75432015895,3041.5683108195,3729.49382854662,3457.40165884546
pQBR0224,4036.49841383039,3736.89036986553,4885.491886608,4261.13812287807,4595.56455658943,5247.01523247794,4283.32209632543,5164.88606122677,5103.9972169635
pQBR0225,1262.67353578425,1144.78427943432,1228.18364055695,1224.31833532621,1476.30116634006,1614.5420684408,1091.06390978324,1447.28370124089,1581.48768351252
pQBR0226,1039.57998125852,1126.3975101359,914.127148838192,897.940983748252,1293.40186929955,1022.99721669941,837.627432170307,1473.31366943268,822.700876587517
pQBR0227,2669.39205128061,1987.28675385991,1993.5215649397,2835.74815021059,1874.14076595623,1837.45758095689,3343.51703719035,1805.08998459981,2077.12531336538
pQBR0228,1825.89812537541,1355.94996372945,1139.48148873894,1622.51028524973,1081.19768955971,978.516833304966,2190.47475658122,1078.05491843675,1130.20940490665
pQBR0229,578.783496680003,532.783648432297,344.983350930579,547.83034056564,330.568888193086,327.120452994393,619.900526611162,395.434078688889,303.353751316969
pQBR0230,483.009953421091,752.350533458741,676.113589155447,724.545483438244,659.332421437001,786.938729499469,703.835932757288,496.469986934127,704.537842139115
pQBR0231,691.812856868733,766.492318628042,766.793346448693,783.533274651393,703.839077645879,927.822806424806,785.922530337746,634.434915801338,793.867308014995
pQBR0232,779.935366478877,768.076232177901,787.029256486358,763.249836186014,680.618815837699,782.620821518676,693.742531282561,621.174327623846,642.66053982706
pQBR0233,677.361310269719,761.402924106849,796.849859413854,503.732811959221,747.836045851079,814.908317294334,575.97073705458,663.491566356867,670.992845962351
pQBR0234,4140.93395080703,3801.00646640286,4008.77408048608,3559.47841647622,3297.27537121268,3718.06444668007,3524.00177897387,3064.18593597301,4015.76092754624
pQBR0235,657.852280379457,460.373561295156,521.694375290315,591.757828634094,402.714602432371,521.918279006225,495.114761174592,338.974537643374,458.085477398552
pQBR0236,311.946103971633,295.517330330447,394.199001509689,400.84085514522,258.318583127238,446.28169726281,374.372049306608,334.515139281488,317.290689377474
pQBR0237,688.858710464675,709.058609925996,650.959748203806,795.470071485216,653.989953822708,649.667354898327,872.675772006956,652.308125511197,862.510340999373
pQBR0238,146.430095517001,116.16247261417,138.004514826874,148.668530799828,77.0511866986074,119.608087817005,124.458792987569,110.539809917037,157.318764833921
pQBR0239,1219.57165819365,1248.28496710289,1194.667695431,1236.62744875934,1307.90992049223,1182.75541335286,1333.12908461853,1159.54064062467,973.989494161329
pQBR0240,1486.1641170913,1418.73540521374,1581.45714288093,1665.43783810064,1591.39031735779,1422.04318461353,1846.69938784258,1841.09999251858,2180.39900946591
pQBR0241,907.195853516839,912.822305658073,959.583125816744,1039.74995618166,919.588212890186,956.038142579583,1062.45311086949,801.321108906003,1071.7794558725
pQBR0242,5275.00238280129,5332.23511093541,5794.77966948124,5163.82090727579,5240.11312658628,6134.13596254447,6226.60020211339,5939.69795225493,6773.71082352479
pQBR0243,4164.32905787374,6383.43356086602,5564.98121662506,4582.19284006733,7810.33833690591,7239.39912321206,3833.33082401713,7765.53001903454,7292.27749165843
pQBR0244,164.31781969173,140.643746237895,176.917769959468,113.484456243928,184.282343407417,192.424813052549,144.054432734548,170.112328252803,237.814588266482
pQBR0245,1968.59191826758,1976.59617874532,2412.41576444731,2384.03331185161,2918.74673582492,2937.17594315959,2439.39234255636,1837.99527077741,2418.7405771673
pQBR0246,543.499291981721,532.567709254541,617.46053376943,528.095984501447,731.551607720557,702.963969585884,712.249330166485,452.674577827604,606.879131347554
pQBR0247,794.520838587693,725.943295085524,1093.08803060794,908.731690849089,878.77882040887,974.010239587921,1017.03666029327,855.890501628106,909.131291500518
pQBR0248,2805.41299489051,2645.45659352505,2916.50264060048,2816.45220499545,2681.84130419631,2582.99913824515,2908.99208684378,3607.4086284661,4681.86736360927
pQBR0249,571.449556841238,563.474872698406,411.704549274099,476.381321904336,618.205154047539,451.086165295543,559.671540676732,606.538439356544,535.14338758641
pQBR0250,11566.378889748,9813.545430773,10837.5395132314,9867.08863855936,9714.08117222177,10022.0186344192,11440.7263801525,12016.9881275113,14327.8723098216
pQBR0251,5924.19293491128,5709.9721246874,6225.94706776282,5140.10541507783,4911.06474281382,5033.30947806984,5081.5067551321,5389.7969426851,5676.34602464308
pQBR0252,9572.54861355391,10079.7147054284,10875.1189381335,8889.61573910769,8218.30261183427,9448.46937522047,11481.3236531033,7315.05707097347,7621.60822951675
pQBR0253,7456.38504355063,7310.62032173275,8237.69295004256,7278.04797353846,6457.96457818096,6798.91541051961,8934.8312439497,6166.95781642419,7168.98155159099
pQBR0254,2540.66136460175,1663.36509031027,1563.79291397507,2280.77009872056,1823.42529266286,1737.41822377146,1847.52163812658,1572.50706499845,1832.83447462367
pQBR0255,106.206664577611,105.567038698659,139.352022592509,95.0761041615796,228.615727681146,147.24603510745,110.379744007075,193.363755862329,167.226941902464
pQBR0256,373.890030173632,412.258738790413,411.640355846287,386.0701704878,459.80557349017,432.029939641325,362.285991468766,402.63015213812,423.922922632483
pQBR0257,1182.78067231853,1413.2928128104,1287.54970478977,1191.67422080488,1375.72459109804,1279.78401457834,967.544062999408,1248.6945271807,1446.30450345408
pQBR0258,58074.2421566647,53034.3771062374,48782.761422329,53620.9624150863,49572.4169985534,45995.3518236829,42172.2846176848,54083.4845527465,52773.3664765311
pQBR0259,34398.141277421,35403.3069098617,31532.2032659656,32381.6096828939,31582.4596308201,28205.9242767819,30483.8209169208,35959.7436812873,30585.2310293333
pQBR0260,4377.17615369171,3401.64233674175,4176.73298273409,3846.50169905206,3189.03779725371,3598.57786842167,4461.28686279905,3092.24955426928,4255.50817298115
pQBR0261,6392.36666473445,5612.59375164861,6707.4858771789,6517.07442424993,5910.79758477868,6184.14049150491,7581.70995814183,5906.03526229162,5710.20696974421
pQBR0262,9855.30444032371,8128.98072085565,9048.23285564443,10022.7782196856,9682.81773390943,9201.06883664163,9886.35716470821,9344.80747724057,9366.65943196842
pQBR0263,1432.00248235184,1134.11256157518,1017.63329194077,1440.60966523089,1131.38254119027,1148.41098809806,1141.77414436422,719.215540738985,940.585047561683
pQBR0264,5878.73465702435,5522.4338202416,6713.70174446189,5980.28695176336,5158.23137105966,6164.1451962301,6592.76006282724,4755.81276313654,6361.266256188
pQBR0265,483.287704975675,350.230505337503,643.456481852584,460.815670808677,501.118653125431,600.653154762163,463.940011306854,420.392535337386,863.036812257395
pQBR0266,4832.40323828129,3567.07672428209,2950.2813926014,6003.37686277403,3211.42479765202,2070.45955487823,5831.7834428461,3969.4519713428,3711.62236905468
pQBR0267,3904.05849175663,3220.06959447239,3602.58364823715,3384.11508250122,3323.95235641667,3301.68159078191,2914.41006912558,3364.8715504076,3502.29128603805
pQBR0268,1732.11196180551,1735.5695169311,1773.97988157988,1627.36427602594,1805.73223902401,1797.56209786351,1834.48851033732,1778.19747943362,1901.570912365
pQBR0269,17013.4019745174,15874.3676228402,16715.6476351803,16002.908621256,14815.3305028857,16762.3432271491,14772.3961419305,14913.2388554662,15966.2759703055
pQBR0270,3237.11516608154,3787.12587525998,3533.21065501085,3317.82178331043,3540.60282250454,3654.96152099558,3047.29575955501,3135.72044731263,4056.27301760976
pQBR0271,3227.35501985214,3537.35108491307,3795.7052293804,2882.39055783189,3719.6609702758,3701.40517537258,2887.4439973116,3944.03151854319,4732.31852054472
pQBR0272,8855.87657427359,9653.37528310094,10298.9779391742,8532.64288176483,9858.24257152849,9704.59421392625,8588.4202670195,11261.9495502389,11966.9731562475
pQBR0273,8102.73410527631,8842.94218518529,9129.76014081159,7351.52973146149,7922.34174533964,9045.32948844924,7997.48114939477,8730.47753619268,8766.78361870496
pQBR0274,5774.73043479973,6425.80699723257,6609.46643156269,5358.6355014761,6303.09031454132,6231.94940015156,5928.06804753099,5750.80443375931,5983.86942597815
pQBR0275,248.032138243263,232.409273702106,208.143869331624,239.657352214189,256.746664771494,206.93573997949,243.767566954963,123.589337172964,174.06229041084
pQBR0276,1138.23322834117,1017.16055664453,1113.5795468972,1016.87356437716,976.116188677137,1214.66897835177,979.185735557829,973.772328888692,990.936454633142
pQBR0277,262.95136460376,271.356981657679,257.904211270963,276.017327024093,292.551471763437,353.914243425687,222.350027537726,230.126665676153,276.782723697509
pQBR0278,1145.86651835974,948.951327032295,1091.63646483919,1096.77077300679,1044.6707405881,1064.08480982914,1369.04672286326,935.408307449216,941.634807659408
pQBR0279,8433.00901871284,7668.76113065123,7665.63863612841,7594.50855100925,8391.45774374494,8406.25064713541,7770.69643396746,10506.6171968958,10262.0240445512
pQBR0280,6666.71224628695,6059.40140041597,6248.67010986842,6004.53135832456,6670.69752899162,6360.35941648228,6382.24690440255,7048.71186343136,6490.03682817561
pQBR0281,106.545163701723,108.657490929359,129.088370629108,116.140869754265,111.461875424751,146.776551676437,140.109299890198,90.7991675683449,129.541653256998
pQBR0282,358.438381190292,461.918186173478,239.166614945207,412.67074997792,266.724444405471,274.250317668353,503.131290800812,322.62682944497,258.911043677219
pQBR0283,437.727770287864,324.032160450052,545.359946750058,505.091803358392,486.721595046726,550.280265130319,523.76408715602,406.847911500207,638.487419438573
pQBR0284,258.738561476785,228.454328950396,283.596403963805,284.886312110057,270.562206195478,276.676166686531,347.410155965301,221.485041622457,226.969713215574
pQBR0285,462.382129951282,452.655613453126,418.460295018634,413.327032977249,472.675449592948,493.588795983763,412.329130966451,317.440022910983,471.33961273328
pQBR0286,576.402347381703,592.028684130546,566.151643968038,571.171482895504,589.814102341604,606.913620537115,522.165462308749,537.233580086253,670.962454040712
pQBR0287,1215.42618435549,1580.3673790371,1550.64574332896,1517.04766201678,1789.43600540927,2276.19087353274,1126.67959967694,1886.36356737681,2285.11286956963
pQBR0288,1864.24509389917,1775.3694841465,1490.66849310386,1779.28137788099,1854.70955013502,1988.77761703569,1535.34040425001,1868.8859475972,1916.4091007568
pQBR0289,1588.43915199956,1479.74686605524,1583.46864538723,1390.6860985801,1517.93824276361,1657.00393436042,1719.60565644491,1499.11489272782,1554.90465675041
pQBR0290,2282.42541248416,2385.62807983517,2106.67944647388,2611.83703533731,2312.31468272464,2523.44174451413,2012.98569527721,2550.5514083614,2821.75514268505
pQBR0291,2212.45345459644,2600.67370335237,2631.72628848798,2036.1103345772,2826.90122482635,2338.10511405398,2295.21410444608,3079.23883026345,3476.80544366551
pQBR0292,661.135245683511,605.799256493576,747.603405263506,825.715295925023,919.420361940511,934.04093698642,508.657675688326,755.842258091434,979.776091210086
pQBR0293,595.699477530066,543.230386636852,477.803247464064,439.726981747306,505.57594664825,487.872009179069,391.67914263735,516.936169906146,715.812885460546
pQBR0294,1892.87684448806,1451.29897215657,1392.36223024439,1897.05841636955,1398.24474711236,1186.4972567362,2091.84262392252,1149.82567995817,1138.38022090456
pQBR0295,5382.1558469781,5012.73848214297,5849.53619992493,6017.28644772021,5329.76594705296,5127.39217259549,6396.88205885506,4730.62337011836,4963.09710588396
pQBR0296,1361.41526892026,1221.35198938866,1283.19987470602,1429.79833566068,1127.46515825708,839.812343091195,1761.57060843944,1222.38467527664,1063.18267128233
pQBR0297,1709.3251504771,1700.67788454391,1867.40578129945,1932.20573502919,1747.44923880191,1559.83444463413,2184.44039086061,1787.86812702893,2075.9377059821
pQBR0298,265.808237736621,244.255245567212,307.031897072516,267.744712783293,250.559326562715,259.478052313852,331.385722362038,229.051082376516,241.102347551272
pQBR0299,2529.84492549039,2689.98126849805,4028.02551145813,3027.34388806553,3180.74352473432,3330.61061043448,4077.50712264036,2797.10788231403,3598.42209498714
pQBR0300,908.086015591005,995.392911186434,1318.42496930579,993.017087909831,943.493479319017,980.577852843988,1125.82333003134,723.785719374763,983.874501003383
pQBR0301,2418.0386356861,2836.64517565702,2860.88763984962,3052.99934474406,3097.87882914523,2631.02890725097,2874.70478079032,3129.85221614705,3851.4107439931
pQBR0302,2075.63736740415,2557.14049773883,2829.36090600204,2647.37772794743,2900.56363262257,3566.20646463648,2364.10396926141,3420.2104115082,4094.01611629578
pQBR0303,918.676228524872,1425.74150598023,1634.28336042558,1400.78793464727,1643.61529852527,1679.19123465047,1101.87518058328,1595.99256012505,1959.02963517153
pQBR0304,3944.78991700617,4165.07092085341,4063.34908269922,4049.95984793304,3928.03136913531,3496.70694721276,4440.73519819573,3928.81979969257,3879.28698031172
pQBR0305,13425.4042859061,10195.0118630489,11098.2531385685,9787.55672285594,9996.47893855679,12071.9261719256,9315.97113436583,11576.8174346882,14772.8461752454
pQBR0306,2411.42966070916,2303.62359446003,2849.35071338082,2084.8831412575,2572.97056352637,2691.95256020189,2384.58863875343,1973.14198186398,2257.27237954754
pQBR0307,2167.01762886219,2357.61330534348,2880.5624773573,2243.30428526072,2821.26596556942,3300.77078206722,2231.67490874262,2644.09880009465,4227.22705283469
pQBR0308,156.753863684168,116.449057661737,120.299988253689,145.213893465538,157.294174009003,141.972308403622,155.573491234461,96.9255318574023,84.5056878668699
pQBR0309,178.687574119673,171.088980717627,152.752113085004,181.024902323648,161.069234185219,165.665175499073,139.393848146077,169.095564911521,108.167280469594
pQBR0310,459.698662232815,365.449805018856,463.109729217209,416.226027429171,367.02717748618,349.531404497815,432.330544062082,362.762224495541,457.474400482303
pQBR0311,710.046890052204,964.630302537943,1265.93285335053,897.527186059888,983.837379489752,1195.7869105195,942.904404016423,938.055190039621,1104.93458544208
pQBR0312,1122.59632511257,996.445718840622,1107.26056240529,1093.10041142995,977.148669598954,1082.188167189,946.750124691566,940.246135628905,1276.54064138008
pQBR0313,5190.62322199461,5149.07354965161,6924.46732388235,3819.75676289784,6027.63146060915,2552.19986967442,3613.19433392037,4228.82505659333,6499.89582509341
pQBR0314,1914.59838204776,1694.52883907486,1777.12664615024,2093.23291621314,1619.16180359407,1361.3753339565,2158.64595050571,1589.41394317227,1640.24154810449
pQBR0315,6676.6928696488,6856.22594043178,5056.97405168235,6171.30348830617,5534.16483237165,3664.26626002415,6539.74384971045,4918.72598031908,4271.37840490724
pQBR0316,7718.93336295564,7060.16226519056,5097.75827147633,7650.19816009748,7438.71315806873,3876.68213859193,7759.5270551096,6938.87397297095,3943.5987671206
pQBR0317,779.275272341189,589.149382636458,521.945715270032,551.009240027336,594.487953911998,334.799089101626,543.092914854847,346.115992548992,339.486053421884
pQBR0318,382.438382865955,327.338611066889,348.820863899677,375.211053923377,372.127610747522,357.929236943541,416.555960203293,311.802769149739,243.74429697655
pQBR0319,325.862342848578,442.980675045641,477.545269827303,439.877418620979,521.734293918566,510.882984376179,406.46036190877,436.233054773119,581.912584804775
pQBR0320,670.148944942978,813.099334297025,807.220393231214,778.029610142119,811.669643731914,858.355184247005,831.786715867232,764.880019516064,1002.17097329489
pQBR0321,372.369215309127,488.704241990242,396.319436712482,317.959430310856,510.658722671975,464.183956107307,428.46469717032,290.011548872665,302.927493118397
pQBR0322,2597.81029002155,2577.3592532349,2361.08776945907,1741.69587364963,1984.5469241266,2302.5244307577,1633.70047806671,1840.63606858025,1611.11227136224
pQBR0323,5491.90079069712,5096.93830761974,5185.5147369201,4603.16097547161,4445.62585429627,5062.8163982325,4053.32015000056,4517.37013341407,4433.8840192491
pQBR0324,4462.78265557609,3624.35972058947,4031.28443177484,3749.97258451056,3451.0815999803,3906.39592912322,3540.16122275752,3547.13637574634,4158.81254715545
pQBR0325,723.03021098471,625.813185418555,733.571773866273,596.571949717723,683.132329779808,745.471524153884,760.64086358068,560.075812125304,568.690637662026
pQBR0326,426.648431614769,241.738278430991,371.516916105361,295.037751802997,301.492277226002,368.949815858804,395.107279325616,361.034785331276,379.157795296856
pQBR0327,1621.93564910055,1651.92866111791,2282.58613006529,1743.06190962896,1776.49890645462,2452.82572767736,1600.88172940873,1738.88768264725,2359.53136318476
pQBR0328,382.877361725994,500.776975240989,573.940307595783,459.174366689447,431.682124209957,533.071500475335,492.177954087205,375.95357811356,419.967660914142
pQBR0329,327.4165352628,449.558132516288,391.202556396862,320.346513120998,318.278063471557,388.349142786024,349.830120829924,298.053287153093,438.516001903758
pQBR0330,214.414368225196,217.933134461982,186.68854814307,228.855755149997,267.260897431226,222.52749553447,200.455755077324,166.720809959898,203.411921237067
pQBR0331,10169.3176679738,11352.299138526,11292.158897413,8601.65535466429,13832.8815305458,13237.0866536176,12537.4351924489,10040.3132464019,11065.388461832
pQBR0332,566.481391416135,629.142734888422,681.126240062932,601.686002248829,765.306235971638,703.330478433426,617.751673222971,496.392883348643,572.418090076316
pQBR0333,266.449543077619,332.287756894639,298.160072797933,262.519051936591,338.74673695966,349.936188984784,299.652380568797,222.432548692807,301.421561818135
pQBR0334,391.579866302492,544.176147320698,494.864562367542,400.988912589868,687.264304009379,761.35265262855,509.235977414787,610.326673884101,402.53091014448
pQBR0335,147.644393870069,200.899939479032,149.36446541578,149.507173794084,245.022773701572,243.003765081549,154.328903304586,130.95716304289,166.757890723957
pQBR0336,347.288148327562,289.218787839716,404.685183626295,374.018393230677,392.438294736325,405.151803801073,292.118158747683,417.726197903956,454.421770567852
pQBR0337,311.767950856857,228.728583847096,288.845775718139,303.715332738379,307.876819567258,334.225127307387,270.067446221392,255.277120941306,247.441491270312
pQBR0338,347.316852199644,327.004932564273,327.745729466198,237.254131485777,278.811206829183,372.211590711267,351.681726974049,295.090983840409,430.022827554959
pQBR0339,324.258033360129,315.579147568746,423.121210859584,344.340846811286,389.790189373582,387.703549581904,383.116632326952,325.644814279041,419.344167037917
pQBR0340,961.461254343142,992.669951854921,1314.97434779398,1064.70145215864,1216.52133860692,1289.64731088828,1222.85702951278,1083.10435599383,1434.36109352867
pQBR0341,2107.6455633819,2062.5893290186,2380.82930599301,1919.34885276189,2151.43729442793,2405.6560021451,2297.70079361666,1665.68321414202,1889.46050820284
pQBR0342,1866.36183810613,2040.01570275558,1507.48523802039,1933.8923521582,2199.46241527426,1843.39178248294,1660.09627377972,2140.15597190716,1441.52893232824
pQBR0343,1812.15121435548,1782.17688247529,942.019672725359,1360.77674081261,1787.67185555182,1317.56517128615,1354.40451192355,1628.51786859322,762.208165073729
pQBR0344,1930.39332248692,2399.58951252201,2424.90095241743,2235.14498927605,3052.73153351214,2627.06773061134,2103.46572652865,2843.9251149191,1591.6506735766
pQBR0345,198.912481963152,236.159032192411,208.791844019962,164.368858042053,218.91405349766,182.655740886647,151.881916866186,159.656368859902,152.778644731064
pQBR0346,132.144232539733,106.991751091998,88.6134253098873,95.3003402563003,109.305171828257,121.601555947289,86.8863271800011,121.377046183414,63.7778776353735
pQBR0347,160.413291905768,126.317621870359,153.983984964722,143.822750786796,125.55364832954,96.7000981164601,172.976627542045,132.397964420406,137.500780257958
pQBR0348,396.864034061748,441.435117134853,434.428247436704,433.354126939374,423.924358499517,461.406014773619,483.405166966211,335.189958801194,526.901809050757
pQBR0349,585.768645118603,691.852450690652,651.310639107541,627.951971742865,631.422609790348,673.899983069865,672.750232365239,602.316017788542,718.679003120047
pQBR0350,845.312125072751,754.595442143957,918.630485645705,797.076380094338,874.245003331507,916.148798669568,857.572231133524,712.852617861443,731.610886737833
pQBR0351,3000.56033126256,2430.24120337539,3145.26547066831,2761.16852502587,2627.5051960246,3024.82947516968,2710.43593617373,2118.80010381284,2044.82899035883
pQBR0352,3223.19776696939,2786.07091228082,3071.04508331511,2968.24042945567,2566.85452997517,3013.60215777687,2465.91253395931,2443.50305858024,2695.75776871261
pQBR0353,1755.21307397984,1683.28395038988,2055.78618887967,2015.11950638569,1924.06889647867,1602.64481996188,1913.75598567899,1676.87230872874,1767.66876092085
pQBR0354,717.667417112651,644.088466170656,702.847146096646,758.567321853584,694.505032225884,692.259325439035,846.014371964581,634.277509087295,840.563733710543
pQBR0355,1509.18559222697,1506.31166479484,1261.00398498137,1392.4152416907,1758.22962482272,1541.97453753274,1382.50172751057,1751.06306202442,1553.07750674247
pQBR0356,3520.02290119222,3502.03988794095,3343.22921202253,3489.0187647372,4277.30572457573,4010.78120627908,3690.68189974676,3812.95653529063,3648.91226584126
pQBR0357,2366.09605561008,2693.06728907377,2482.56402426458,2675.86413156979,2771.01551998418,2582.64871101163,2735.32769477124,2616.59048964839,2999.63893524475
pQBR0358,1569.79943542884,1479.35101524841,1293.142994154,1425.89267209866,1368.36453027056,1177.12727542348,1801.06860637508,1385.71371199972,1590.41769276846
pQBR0359,1981.41463237541,1709.0083301156,1552.25791295083,1648.88033870546,1344.89869536121,1503.01066481014,2172.00667762177,1293.26683367201,2057.21373473757
pQBR0360,4581.0160410899,3744.85490130865,3617.07347232569,3590.55864508194,3158.87015884967,3125.65099643848,3260.98743505685,3299.7566102883,3545.07977377974
pQBR0361,1814.47019930679,1552.54976413472,1611.7149090898,1699.98131529093,1513.64966656519,1470.33526026091,1639.70131595988,1248.53001778465,1389.01054389728
pQBR0362,2461.75213144116,1767.44814790937,2430.80600864096,2368.25932184298,1931.90447117021,2336.81370001694,2598.32688675652,1525.92922881386,1783.50685266264
pQBR0363,210.203450686243,229.149815124899,204.177659621731,221.012545999915,221.421924926256,235.823975721705,231.039527313941,243.712080103082,224.103481635898
pQBR0364,945.76956116824,895.382153611098,980.491663980315,982.341090347911,1038.96582488299,1045.33805842424,844.384743943932,956.342062268456,1038.35493030293
pQBR0365,312.201765259719,277.74185181433,345.964018167493,367.339493351557,337.945434381509,356.753127731241,310.338808488484,259.586994411744,462.403417591877
pQBR0366,336.5114390201,360.035733833391,373.961106342897,448.970491874126,428.119033660922,425.969332855165,359.547624186311,273.511201008543,350.542112632942
pQBR0367,1082.5927215844,1049.78840286157,1120.21097833985,912.118999281119,1088.54580093177,1233.24565243522,870.483721714226,964.678804399253,885.580074020064
pQBR0368,1176.65317360069,1329.21300653084,1455.68043444128,1346.91147562238,1651.85174160149,1500.09374762445,1379.88547660692,1280.52523369477,1296.59978340679
pQBR0369,1222.25761958372,1536.83824670596,1438.65037381326,1385.39466064016,1609.06428355517,1693.47965479191,1443.7219986558,1270.18601748367,1403.59923466496
pQBR0370,613.247819793208,776.91921511416,774.422380524334,557.66861095944,806.4125015066,926.787814956327,590.997309391264,781.954128357055,616.743265835402
pQBR0371,1505.43394442708,1472.44884442348,1290.69098748809,1526.0142988673,1539.37067687641,1482.5799627537,1463.90450562676,1713.80640113028,1619.26094036313
pQBR0372,538.41830243216,684.067894283443,352.452232252586,565.702819761398,481.181674452699,314.613570250508,558.681692966421,382.91568141196,405.627301760976
pQBR0373,154.520558733719,148.12898763431,105.589018261524,141.838024779826,114.739346647153,86.2480089020582,85.3431723343331,106.903806565625,114.053935189027
pQBR0374,152.604024671906,246.163966853528,205.311979952963,212.999954284469,256.198321159026,226.050014029348,246.987992285409,366.886652887738,398.290373822147
pQBR0375,164.863467100573,229.958307416166,299.689261060373,199.86428347945,283.889018458935,299.920495472318,211.446121419741,286.569155121209,373.157732802809
pQBR0376,643.122012223655,460.672228109712,499.056529584461,511.177246772348,542.359179670052,679.74861473833,434.856023691507,426.28203569235,369.245736542789
pQBR0377,3495.43515454544,4556.32951994797,5573.65344350835,3852.33208549173,4267.24400673018,5379.91797859924,4016.27761420008,3312.33810301143,3671.93631041974
pQBR0378,3620.28366018644,4755.33289773056,2904.28072304324,2601.05553835421,5919.5912163848,5272.89482768371,2390.26820969504,9588.61440102584,6661.95833355775
pQBR0379,1217.35202266333,934.754485164462,941.07684491451,1132.60734492856,896.743386648788,864.083211862627,1067.84719039149,1498.06863612619,1491.15364959632
pQBR0380,4910.00781479327,4654.28012282802,5198.12603790001,5036.63260884247,4013.68446154324,4806.71479107289,4953.20852900023,5128.74942982079,5353.73408384857
pQBR0381,3822.75729646236,2982.07040895386,3264.92359098133,2910.54404581858,2670.58685563874,2662.79379062881,2904.66235664222,2933.19170092109,3314.14787904958
pQBR0382,694.054842978956,528.052409622307,544.647057930776,493.867541061538,495.954796036773,493.051117556766,580.807700608656,344.624113270764,408.965798071766
pQBR0383,8305.59768718518,7120.48336339226,6593.17214810879,7589.1966392936,5840.90018134073,6223.38488193841,6193.8782053306,6108.76854589597,7291.22510271985
pQBR0384,2575.72774352768,2440.84038619385,2256.51297593163,2424.44065612028,2279.28161582857,2168.3716705367,2414.73321721676,2434.91429563269,2274.54561735127
pQBR0385,1089.15532718559,1239.5515979121,1270.97892351834,1202.59953180569,1269.28248712147,1271.19982009534,1376.94886844977,1181.5683883569,1327.05228353899
pQBR0386,10794.0147863734,11406.9858109652,6745.2496828449,12043.3596820284,13718.9280996078,7668.92051837423,8220.3514978131,20124.5539099144,11351.7017240786
pQBR0387,529.810374513926,517.783349172764,511.163331532377,520.713199338548,459.185170886426,441.131890892099,600.481599156519,463.05164360436,490.191069138407
pQBR0388,580.769031831564,526.552260731334,489.94904306957,509.683547025286,492.117621599351,480.244595022824,571.379004170204,462.109606431251,573.614366126632
pQBR0389,516.019929580185,363.246243561842,376.623249850021,442.679185618565,474.245431743525,355.319822661473,409.049281411374,488.766258311826,516.722677402517
pQBR0390,1334.02749040111,1320.81680640593,1387.32237882502,1300.73165360104,1335.00780355674,1517.38996995021,1398.67976881268,1540.41508408011,1665.43273103977
pQBR0391,703.962462826139,733.758776556316,703.320790830604,685.700387589574,770.225559802493,770.719810679053,669.266016285771,791.148102090826,881.528571320149
pQBR0392,425.897290009814,486.048240675078,528.813422049901,356.222640263287,784.752661590101,770.160674228708,350.449759201839,915.974616851241,587.092147285623
pQBR0393,3647.0676627463,2932.33064011235,3021.74513069385,3656.66461995699,2636.59474042216,2598.45610186211,4820.62176403337,2565.91418989717,3114.71789471024
pQBR0394,2274.60700812649,2451.84334740539,2651.09094114263,2451.37888563273,2386.91435879826,2503.995318449,3036.79454889669,2270.68999077292,2614.04261134851
pQBR0395,876.794840229847,1079.08823244215,1167.95399916638,1078.79985170132,1067.96528540395,986.766724490293,1230.49825519785,918.997635388703,1071.46834427428
pQBR0396,462.550268907628,518.451456720083,540.903743548806,555.417313947555,540.120673811498,481.01298637486,715.072337892216,414.384388320724,435.946918256241
pQBR0397,215.823341147237,230.153684057981,302.211559276557,302.110985186328,237.868953676814,236.980510441169,297.770570138483,206.130310741391,227.454561735127
pQBR0398,1332.36476917849,1346.46373468565,1417.25065773356,1149.45163793405,1246.59738859233,1739.69770189239,1160.00428415598,1026.06532106506,1058.9191696457
pQBR0399,896.466473549546,777.677185080125,985.497503774222,885.728986369276,872.205098323734,963.562755453794,955.843530144531,694.76221235386,814.860179537604
pQBR0400,1123.75534403995,1349.92054195397,1593.39949659147,1561.9914108601,1408.40985220501,1393.12692956186,1497.44097175557,1440.24728233842,2045.05991401669
pQBR0401,1743.87930974121,1738.58219422197,1856.46555367107,1901.90391497521,1784.97957866093,1835.57584728965,1686.44163670706,1736.49954799351,1838.98857023271
pQBR0402,706.513268070066,668.703312011572,581.6082998986,759.246277659748,673.864044594753,640.652407525989,624.672158434424,605.836020781725,510.981314320267
pQBR0403,198.002587047738,175.442827205001,185.461374156406,275.335495016729,173.499644176024,216.36655198229,235.623644919376,171.783167572658,187.582914258196
pQBR0404,465.938915566292,337.228040287384,266.162363151692,530.232119362655,364.410032093256,237.123485108102,610.467563794231,330.589647119466,338.532589704987
pQBR0405,171.642222339172,233.41299693436,153.983984964722,181.4906140881,302.616485717353,250.703958079711,196.18080928549,330.994911051016,221.529034860043
pQBR0406,402.666528736551,341.706641929146,351.36345660132,319.585359215855,333.258599890087,399.563503058989,459.366090481392,213.040360931018,278.61269211865
pQBR0407,677.798695406205,776.828192519994,788.075241828185,785.208218321342,799.573317925307,917.204262354508,706.534632680524,625.038784767644,661.284684093585
pQBR0408,35665.1542154491,27702.6988820209,34693.1765618619,29814.4822458336,27180.6736993059,26359.9571257971,37646.4217371007,30248.4000179681,31486.0348582113
pQBR0409,1797.21532654082,2627.09945139074,1430.56089257548,1942.15945033291,2344.63736108531,1651.83485006345,1584.50764405679,2574.18154858879,1579.8626090093
pQBR0410,2732.17129440258,2910.17562970235,2736.84743088242,2859.01020768901,2755.92384052228,2874.58104386869,2395.24469523246,2735.31843363336,2270.4924438193
pQBR0411,3663.5053927696,3449.59237479118,3430.95566499522,3607.19729565118,3640.51924750397,3341.3017698713,3272.22909896484,3661.63120350187,3995.24113192813
pQBR0412,2370.75067080144,2015.01966443803,1871.36821071881,2331.70248894628,2050.93828455249,1688.15160156438,2464.69216277022,1672.27438570731,1758.45715517509
pQBR0413,876.484277991211,915.743062141451,1015.95955297376,970.654682975692,978.604606795963,1038.16353324064,895.562184323595,1006.40230179795,1116.9447439795
pQBR0414,7787.17121515211,7072.93150228269,6179.55401956786,7409.11714172277,7153.89277645648,6188.5420715351,7245.13399834194,6301.16001641517,5201.48671110614
pQBR0415,3994.87151179576,3123.05282262336,2759.97961622483,3555.84629564308,3476.80894097025,3079.05391780348,3698.20413448777,3115.83960188932,2867.29140292415
pQBR0416,812.760678989224,640.741560211967,541.118862418402,746.508563607657,668.546349652166,638.69817891736,783.316923096904,586.704705078664,600.929335942186
pQBR0417,3408.883614533,3497.2119659384,3634.57694241056,3440.08471476526,2934.6606389985,3099.17845321396,3141.74358514566,2425.82258710712,2277.84700988896
pQBR0418,7014.56476793941,7620.98715827718,7340.89036014512,6853.70723941694,6607.72506896456,7192.58635776491,7357.42941622669,4873.33842227759,4567.64076982979
pQBR0419,1503.78549312107,1572.70154642677,1524.285911772,1455.07254866478,1688.35675246561,1809.98851813047,1547.56337543129,1373.85505088412,1270.14609642326
pQBR0420,13799.4433486404,13050.2364228315,5036.18209649327,11908.2820462378,11184.1220462961,4971.94404258924,19103.2045393469,11415.392196446,5452.55000406366
pQBR0421,1690.78021898633,1505.65319667769,1644.03953872109,1756.04849528511,1685.18314954744,1696.81609092575,1534.67985338055,1492.50743792451,1348.70230660709
pQBR0422,954.112247289253,893.27784772717,857.316240614399,829.988693086222,734.092952845689,739.576676335149,847.665292780201,667.515174353281,700.407503040724
pQBR0423,5440.8476571318,6464.5754985655,6510.5955956985,5837.3584943502,5801.80774938182,6513.86305249139,7060.20789311301,5745.63397662441,5125.28160902757
pQBR0424,4361.29056736776,5657.42636893875,4946.21530082628,4401.12425412826,4273.65302967857,4380.34988995412,5028.80798693016,3483.49779360177,3057.43101327342
pQBR0425,1544.34713978867,1347.56231806212,1214.76254805503,1109.59850134605,1052.20804751875,1177.28532151309,1050.98536300614,984.640323630754,844.162638585452
pQBR0426,171.81497511507,269.195948681582,210.839610182466,217.578007600538,128.574860380073,185.30052989496,187.645564812027,91.8997635388703,208.014000903064
pQBR0427,253.480899174923,343.755857173099,273.154199415681,407.587124797033,224.624854893251,238.869485524396,303.030104665386,183.799527077741,305.690140457547
pQBR0428,1523.35108600234,1519.46554920204,1803.63711472623,1567.99814014685,1608.81564251379,1817.58229278041,1493.50551585083,1610.07653451069,1838.70011953625
pQBR0429,15048.3709136801,10504.0425345892,15308.5745052428,11852.8209854769,11538.8631801321,13629.3416067477,13088.9163958594,12215.0102370415,12732.1903052751
pQBR0430,382.13006719712,325.553438198644,413.515677933432,428.735202099517,372.746367533781,305.552805246446,416.0312704561,280.445287794675,342.783635290965
pQBR0431,400.169685840079,322.29936814818,276.677106674581,201.676584585169,219.396091363178,303.589916539918,269.771643980186,290.770196580205,504.523560122584
pQBR0432,639.66183020631,500.57382028146,705.140455286728,535.048972385165,765.000266462004,556.686286423698,738.169392891789,434.147158787077,783.280306848781
pQBR0433,576.092952670279,373.341402257669,492.079256300308,360.152416307723,569.820403957143,500.707190810753,449.133905129054,324.645903805792,460.494762868741
pQBR0434,148.841598028121,138.475282243612,142.139063044359,117.423051720925,207.797754149613,343.149129435112,127.650044089815,153.166272564784,169.492889624719
pQBR0435,4519.24346621525,4585.95515970282,5128.52216590838,3928.4918038986,5413.29383759286,5367.80055959122,4840.0641717388,5692.67979699113,6172.04505457287
pQBR0436,331.449804304548,328.065755808351,356.527234897572,318.564124939732,291.609335358427,377.021897835346,355.301450520529,318.407894418908,426.38554541956
pQBR0437,308.375962744413,351.928968965619,379.351274217726,305.062069313148,334.596528592936,361.042161768152,389.036756888296,441.240586527689,471.590240457941
pQBR0438,2524.24684082545,2417.04771150039,2354.40008281565,2129.61182497427,2680.19760037171,2593.50853088026,2327.0145659565,2872.24179529466,2516.26925522371
pQBR0439,2070.74199625461,2159.2832761025,2150.46599692112,2027.33399692816,2005.8333185273,2335.31354448685,2117.94532204708,1849.87886089019,1775.59077494987
pQBR0440,1635.73131089723,1471.39131977948,1760.64707337022,1519.72275928714,1591.19659972938,1833.99067986075,1574.91252510056,1661.70956084435,1774.44228443306
pQBR0441,1422.84787523878,1146.85539934569,1316.6495793051,1144.11806243878,1291.16608387293,1324.82756146072,1230.60379583214,1326.86737244324,1524.26738863987
pQBR0442,3060.15089858903,3196.13540080279,3303.65640469767,2687.70062635556,3226.10440826241,3246.45346235429,2673.97830994505,4219.03459882996,3264.13889295869
pQBR0443,4122.26512799622,4176.41451246734,4761.28258271871,4066.38988354565,4486.20508512291,4420.68961183549,3532.25907717101,6133.94453461825,4850.35821153336
pQBR0444,426.90413939518,459.620085744755,310.152139928944,395.476135395507,598.109360181966,554.495177799402,360.13608183637,723.466223603873,389.964781834823
pQBR0445,732.046270361696,770.113569663784,651.062260036517,763.130745869867,836.341176453455,669.234218676899,661.579366437901,853.180828610202,655.124554568272
pQBR0446,1999.01947128178,1768.54936170869,1159.91674655669,2205.41019186019,1476.91768253066,920.27431554654,1619.127475128,1966.82671499078,1710.12133452706
pQBR0447,2750.98101398932,1592.38661706883,1014.82778662465,2332.0810120776,1222.85267642866,909.629000553707,1740.05245815001,1562.2959801608,1150.35044308933
pQBR0448,1555.75133349895,1584.68282847836,1344.26894903509,1586.79935887191,1294.92033405346,1218.48920605791,1671.56335107392,1760.85313350025,1539.60727675699
pQBR0449,1221.76596326048,1390.39254302204,1220.67304444762,1417.93044433701,1215.61686177524,1014.2765846882,1244.58792987569,1424.44633485249,1180.00669603193
pQBR0450,2822.10729541856,2960.4756477482,3021.35243226235,2473.41925523382,3634.76348584784,4072.47416579355,2364.71706676381,2864.9055072913,1946.19159935822
pQBR0451,3256.10364234942,4332.59902798943,4298.53884788844,3099.79345234784,4836.78540072542,5281.69849068857,3414.72857379978,4722.26719217341,3224.70530977427
pQBR0452,4438.46984224787,5614.69519400521,5490.32553288009,3755.09630358859,5983.11424155,6743.62772362739,4416.1413098003,6290.3803663675,4266.08024265854
pQBR0453,3416.88538081947,3867.61463306408,3847.62547046466,2911.40095884529,4568.30375138291,4819.43922051366,3328.47489964191,4108.97981207449,3050.87201324495
pQBR0454,659.594777348532,904.797494179761,700.034885493468,686.924852567413,807.976111252052,633.922865430128,888.444306865109,705.153954846332,811.254603521951
pQBR0455,582.806817908166,516.95920334959,542.996157507178,653.960966453496,599.810951533835,499.075238353982,702.537134100884,580.419559192865,572.266588010733
pQBR0456,1720.3614865094,1599.65243766481,1592.46728754656,1790.19879671329,1870.54968050066,1583.46977356386,1975.58641020774,2096.82688327612,2116.56440159384
pQBR0457,519.476630941304,409.513037133195,489.347878599546,547.027850835591,460.67280101784,471.877143183162,537.539817565943,445.403761936856,586.182603771826
pQBR0458,439.847682938844,318.41310564456,322.209263336586,406.409127326521,421.601223737077,393.300891461466,411.505373346182,438.25031745415,349.094787642715
pQBR0459,2164.74950323306,1894.14938579683,2082.0537272064,1769.18642473642,1768.86333892488,1602.34814376418,2433.43369764112,1940.89461991359,1980.2825800257
pQBR0460,5581.20304882142,4150.47076105875,5031.65315575901,4070.44570941763,4446.83374068516,4894.25741692378,5033.26001052669,4358.48143254201,4328.01679820126
pQBR0461,512.620295653205,572.966738649877,596.770551172292,516.797793650818,575.526759933824,502.422414089114,499.971803589548,637.973680361042,557.084706281168
pQBR0462,2265.46683205923,2861.21678436923,2927.52161138464,2108.20926619155,3175.67893114455,2472.21565437836,2420.30538141834,3657.82853295029,3245.73097851778
pQBR0463,1326.17506527937,1622.14872961498,1537.95047559857,1152.72485183633,1596.42935259977,1291.18031486382,1272.07576145577,1479.98085453702,1263.61061284776
pQBR0464,714.177317541982,627.046018600641,656.720887227923,552.597735133721,590.354472568211,662.477949458512,676.78673375943,679.313116969758,555.453602411426
pQBR0465,716.741007407277,600.733780609647,609.59203036596,623.514076355528,498.681776746514,539.744562076588,637.676512385748,516.290806398148,530.033178331029
pQBR0466,14452.4015071882,10541.8462866417,12998.1148035676,14061.7558054976,10072.5828982323,11123.745472982,12970.8691164499,13389.5170634815,15460.2729156035
pQBR0467,3034.80910476938,2744.53469233651,3569.39925803471,2830.72215040637,2617.64491581041,3129.20030112139,3335.22361098928,2945.31209374576,3477.50910799331
pQBR0468,440.177869753733,387.304712490595,366.281431691233,389.727639987777,431.57995092612,388.856037768776,307.832990939668,479.890777059486,362.691078497651
pQBR0469,374.789615208636,291.628944405047,289.489891733678,339.421691856839,277.312596592476,249.34299373585,298.701103170166,261.91432608578,225.34850097832
pQBR0470,2733.7509811741,3119.84810894858,3267.22429636686,3602.98819728986,3101.13796768984,2576.32754283783,3323.68802298855,3488.95095871128,3097.09734677896
pQBR0471,2062.03995231596,2173.52851334241,1896.36774087525,2156.71865249118,1964.3731645405,1745.37707958352,2038.38828494484,1916.58443682374,1654.63901899644
pQBR0472,2172.50637833289,1958.92169726622,1487.34530931834,2072.4069749917,1441.81829486126,1075.74789285113,1751.85179826442,1712.67741140622,1297.46106623881
pQBR0473,1078.60378771716,1229.98006466691,872.879630746768,1054.41649837184,1171.11017933598,888.992420751126,838.071635620436,1415.2019799403,997.40046586854
pQBR0474,282.210729541856,490.957818863715,311.700915019498,239.995135656351,379.880269304762,263.814364199205,277.580823148033,495.701754846028,398.798559307087
pQBR0475,533.582606556477,556.212684867018,363.74169676706,483.615458963625,388.853818973379,319.457192027781,325.356844660417,582.514249203076,546.514474813563
pQBR0476,1363.54137293211,877.467620333769,915.727768993746,965.485217039049,879.103455072525,1056.53810905021,837.067988234978,640.451891919118,654.108923193707
pQBR0477,3299.01392896491,3459.35379658174,3931.68864746162,3936.5482430385,3499.66352627802,3825.62509729959,3719.01954237419,3107.62092384926,3344.89412601966
pQBR0478,1618.62293773035,1763.36392341969,1675.94354519663,1719.9382586457,1698.59808458628,1617.94986682282,1736.81490664802,1509.89559505804,1410.67380508439
