pQBR103.dPFLU4242.logFC,pQBR103.dPFLU4242.logCPM,pQBR103.dPFLU4242.F,pQBR103.dPFLU4242.PValue,pQBR103.dPFLU4242.FDR,pQBR103.dgacS.logFC,pQBR103.dgacS.logCPM,pQBR103.dgacS.F,pQBR103.dgacS.PValue,pQBR103.dgacS.FDR
pQBR0001,0.0623458973427563,14.185544871467,0.309594772872558,0.587461278955086,0.754856159517557,0.347851028595886,14.185544871467,9.61782498816589,0.00850317494426541,0.046718593371941
pQBR0002,0.124610859980586,14.2867247098092,1.17309771561545,0.298615366988409,0.502599103593167,0.359546753764868,14.2867247098092,9.7454601566061,0.00817522234520494,0.0457133529077338
pQBR0003,-0.0903434123177415,10.8390969990817,0.298282590652639,0.594290561187804,0.757839003601814,-0.408488568277276,10.8390969990817,6.04393566642059,0.0288968030695615,0.107074975715119
pQBR0004,0.567551709691863,12.1941155797357,11.7131381592881,0.00459497876312854,0.0322999977761095,-0.171422880832431,12.1941155797357,1.06707579231408,0.320604348368403,0.505771876303949
pQBR0005,0.534778582123132,13.016981173691,13.0385937031979,0.0032069879231291,0.0240384133509908,-0.228622105934074,13.016981173691,2.38390614276509,0.146784830807201,0.334110233932581
pQBR0006,0.681499504863323,13.6242490494257,31.6277215308403,8.561838023387e-05,0.00165603018352718,-0.554549618498649,13.6242490494257,20.9279254635159,0.000532757978362635,0.0106107630690558
pQBR0007,0.735159215556459,12.5973349443325,39.6675389538198,2.86423619693385e-05,0.000956140061448937,-0.626479901447096,12.5973349443325,28.6494937967644,0.000135419163977949,0.00575911891905454
pQBR0008,0.818314934731555,11.8197807190303,32.7880272177769,7.22275713329274e-05,0.00156930814077906,-0.50360117504226,11.8197807190303,12.3437135067847,0.0038622614706096,0.0284024766607906
pQBR0009,0.804785016689023,11.646763038549,33.7533886998095,6.29088420024371e-05,0.00155721411156395,-0.571841073961339,11.646763038549,16.8686221860076,0.00125837631073972,0.0158359734598466
pQBR0010,1.02507772690197,10.9204358375457,36.0821714412859,4.56151589919981e-05,0.00121133588878751,-0.353641671262222,10.9204358375457,4.25283168897,0.059947707919084,0.179864553728049
pQBR0011,0.692675119156242,13.0656846296939,16.6635301772174,0.00131853785433597,0.0126052218874519,0.000651355360438923,13.0656846296939,1.48180757322164e-05,0.996987562604583,0.996987562604583
pQBR0012,0.436327046031289,12.4139278012723,14.88955642847,0.00200510056777962,0.0174261467527028,-0.40609182588473,12.4139278012723,12.8256975517599,0.00339295743528215,0.0270305609010812
pQBR0013,-0.783877195655326,5.33495929609525,9.14806387469394,0.00984986262504844,0.0529015093794736,-0.687526087612442,5.33495929609525,7.20840712410799,0.0188452446979503,0.081302398036768
pQBR0014,0.461679970441397,10.5560628099163,10.2765726391463,0.0069597150504861,0.0415842974266544,-0.75690826391297,10.5560628099163,26.6436673751356,0.000188072412447561,0.00642132951070958
pQBR0015,0.663691698468719,12.5603536402197,18.0736040235705,0.000962936870202371,0.0102285294212607,-0.438607979383831,12.5603536402197,7.87453788050359,0.0149586193033214,0.0705585431797636
pQBR0016,0.448006509982407,10.4257525161329,11.3863541208529,0.00503774069874421,0.0329868500547909,-0.751888886924012,10.4257525161329,30.8148806634896,9.67181403930646e-05,0.00575911891905454
pQBR0017,0.41162904049413,12.1398286124845,7.88911613931908,0.0148846965279419,0.0671215560410964,-0.720492671002721,12.1398286124845,23.7883634341354,0.000309722637930434,0.00779196952267092
pQBR0018,0.480711173692907,12.5049795399241,14.4692597354422,0.00222390706079268,0.018982635268909,-0.601007920432295,12.5049795399241,22.390302742362,0.000401411368053559,0.00834237538824354
pQBR0019,0.338708074040875,12.4486246417126,8.57667242758606,0.0118377519549278,0.0599562630133186,-0.620445685601377,12.4486246417126,28.4237549742326,0.000140401454003779,0.00575911891905454
pQBR0020,0.252262449790918,11.7358086887513,3.14103254606325,0.0999703683300735,0.255539230276872,-0.71900471896133,11.7358086887513,25.0017801031796,0.000249356975619013,0.00682860718899433
pQBR0021,0.202332864261722,10.6577427368971,3.26645771737926,0.0941002508006507,0.244456086319082,0.228912898363441,10.6577427368971,4.17459176511693,0.0620395624850963,0.184162340553372
pQBR0022,0.0884120846418212,11.0052477875178,0.626345601662499,0.443022519104265,0.634026239915684,0.226054509444317,11.0052477875178,4.09594160225787,0.064231100820229,0.188358688294905
pQBR0023,0.209220726834665,8.73138386295761,1.7012109721287,0.214944821615854,0.414288809404752,0.197521126333465,8.73138386295761,1.50717934759033,0.241523337162247,0.424441746924831
pQBR0024,0.141418896316352,10.1338294636534,1.78152716081656,0.205065136261635,0.40337915692618,-0.0287863610416946,10.1338294636534,0.0732813626692367,0.790904947493222,0.872211161699512
pQBR0025,0.117281935067186,9.20425953294348,0.746798312562899,0.403290772377196,0.598673879491614,-0.206226680803393,9.20425953294348,2.25675732454413,0.157135127829451,0.349351586523152
pQBR0026,0.0876758349163353,11.7996204882875,0.751704017110254,0.401792929011831,0.598673879491614,0.340222451014411,11.7996204882875,11.3100546200109,0.00514814946044589,0.0361884623837226
pQBR0027,0.764679708204305,8.44212486420303,18.7983754609047,0.00082414808229274,0.00916146007757976,0.277442138544267,8.44212486420303,2.40116839645912,0.14544628102715,0.332647475267835
pQBR0028,0.729695993363926,10.4167664534072,30.34153261235,0.000103946367701525,0.00191101399082034,0.198626917648208,10.4167664534072,2.23246774614346,0.159215567827328,0.350714476596602
pQBR0029,1.42333321682103,9.62874497657403,90.6316729140126,3.41031401619338e-07,8.15065049870218e-05,0.529024269192445,9.62874497657403,12.3590872161987,0.00384617194156742,0.0284024766607906
pQBR0030,1.54329354815379,8.84141436862088,65.0218662008095,2.17246496120876e-06,0.000173073041909631,0.733963180458819,8.84141436862088,14.261582467159,0.00234218649610062,0.023223483292477
pQBR0031,1.43934607773935,9.74606814405644,55.3945613792512,5.14352991838376e-06,0.000257714608434645,0.590295364522247,9.74606814405644,9.2279340707338,0.00960424805408056,0.0509457841157858
pQBR0032,1.07901015127924,10.6897744258152,71.2508204027847,1.31531907460205e-06,0.000153875158317386,0.412546420110446,10.6897744258152,10.4428743057661,0.00662336165933938,0.0422128916421896
pQBR0033,1.60412918664821,9.70656905822195,72.1842151239818,1.22403176900096e-06,0.000153875158317386,0.825266282772498,9.70656905822195,19.0067837834839,0.000788631005551458,0.0129988145052964
pQBR0034,1.13464087888028,10.2944391348137,52.2410729913235,7.00897470638155e-06,0.000257714608434645,0.575703159375574,10.2944391348137,13.4350151121537,0.0028913338202,0.02467959939385
pQBR0035,1.28111994023638,8.01886240206118,52.44735220312,6.86535116859167e-06,0.000257714608434645,0.65405668197728,8.01886240206118,13.13769617672,0.00312447534378068,0.0262017406022309
pQBR0036,0.479344188518592,10.7158474640049,13.795159496926,0.00263547542453126,0.0213518178462024,0.217043554300539,10.7158474640049,2.81870767674822,0.117239236847969,0.285920179659843
pQBR0037,0.432248598520022,10.292195179188,18.1822015062532,0.000940509157089732,0.010217349479293,0.141521820657933,10.292195179188,1.93255413415554,0.188024463962136,0.387670503229992
pQBR0038,0.234702166451212,10.4041940464548,5.12239088633483,0.0415459529954254,0.14013424648098,0.14494200491778,10.4041940464548,1.94247996092767,0.186969411249356,0.387670503229992
pQBR0039,0.251550001051848,9.43307214388898,5.8495327967655,0.0311357285533798,0.114212261138576,0.0678739811268296,9.43307214388898,0.421017194981864,0.527824472845018,0.689344530109067
pQBR0040,0.455083736176177,10.2035241111112,12.0266519003961,0.00421219500368051,0.0300511822650639,0.520869250875825,10.2035241111112,15.7129669441501,0.00164482670576888,0.0174717147857228
pQBR0041,0.488664650611132,11.8356630053134,12.6587923304948,0.00354754838567779,0.0256928504296058,0.48552886361025,11.8356630053134,12.4896966330147,0.00371257836369545,0.0284024766607906
pQBR0042,0.236019424064129,11.0777572600374,3.51382458262592,0.0837030855459223,0.223519971457826,0.218321443986875,11.0777572600374,3.00310563093516,0.10695002436734,0.2706748833049
pQBR0043,0.332560110898821,11.2191713439898,6.81009144864819,0.0217345624986009,0.0865760072860936,0.502445099886245,11.2191713439898,15.4974105970817,0.00173131383242426,0.0179906089543217
pQBR0044,-0.15967796209783,8.73433112313211,1.56439375040138,0.233255964471648,0.430487841766208,-0.0668191892738654,8.73433112313211,0.274268582137752,0.609371532240105,0.752660445505866
pQBR0045,-0.0323992242520248,10.7697230694468,0.108775930518808,0.746841666361259,0.845948617347587,-0.117367692003791,10.7697230694468,1.42157907223391,0.254636743497807,0.436259366996243
pQBR0046,0.084518176746865,10.5468975415459,0.856079688080121,0.371840590193162,0.573354200362359,0.0981224857340332,10.5468975415459,1.15166788724428,0.302885376839239,0.487750941402987
pQBR0047,0.127258907097468,10.0056056227844,1.60370627796285,0.227791204614287,0.42367391364058,0.121956664796509,10.0056056227844,1.46616428638739,0.247691063182678,0.430532102550255
pQBR0048,0.221926265140645,9.7168967654067,3.06990816039377,0.103497645817191,0.258815296958824,0.292962989144322,9.7168967654067,5.32139522597884,0.0383337518584474,0.130383539308802
pQBR0049,0.137025664739975,9.87685569874584,2.12378516575922,0.168961601043093,0.357213716168483,0.0795610817346091,9.87685569874584,0.712142371022886,0.41412458729286,0.585655481437831
pQBR0050,0.0365695429719024,11.0893218394498,0.143393648960343,0.71109546569145,0.829033250245153,-0.166101378513722,11.0893218394498,2.94269131199778,0.110194365794406,0.27433805650899
pQBR0051,0.150041210972553,10.9087027553595,1.8129295099889,0.201362802657367,0.397733139133147,-0.0151892323852668,10.9087027553595,0.0184891448841326,0.893942328589813,0.941199191775177
pQBR0052,-0.216220676502989,13.2550750368931,3.20628293090638,0.0968625839023199,0.25027197354221,-0.327524117691362,13.2550750368931,7.34348859492844,0.0179694946467176,0.080274938702159
pQBR0053,-0.0831661199011415,8.39539359221476,0.202379294582329,0.660281180645524,0.807197965085833,-0.209737572933002,8.39539359221476,1.26264869605758,0.281647428640411,0.462637357010709
pQBR0054,-0.502520039250245,10.3416527402393,25.1542729080283,0.000242780101986548,0.00374351254030871,-0.369372270391383,10.3416527402393,13.6304698368111,0.00274906736974196,0.024379442830866
pQBR0055,-0.417092229348933,11.6952499210758,16.9612262445337,0.00123225867722517,0.0120208091370128,-0.380549986369142,11.6952499210758,14.1163693079962,0.00242923465402479,0.023223483292477
pQBR0056,-0.0795067400254616,9.24404240622119,0.473892197707669,0.503406649293551,0.684263826171344,-0.198583066206634,9.24404240622119,2.91867363300295,0.111517597060082,0.274770161828449
pQBR0057,-0.00261414101350203,8.25783439290513,0.000269628565424016,0.987150530402222,0.991298221706433,-0.084032489742754,8.25783439290513,0.276578798817361,0.607884305796061,0.752660445505866
pQBR0058,0.0693168352600661,10.7694600753203,0.302248271220471,0.591877290869641,0.757839003601814,0.0416869570070773,10.7694600753203,0.109105977367511,0.746472613438171,0.837591336205271
pQBR0059,0.705756526856394,8.61397830172731,10.9537650326511,0.00570249088713744,0.0363438752540226,0.924588282229674,8.61397830172731,18.7879381700523,0.00082597498183506,0.013061911940652
pQBR0060,0.093782801949286,11.5764320748227,0.831246198203216,0.378652147244329,0.578261106654279,0.0979695627142495,11.5764320748227,0.90620741322432,0.358637092019218,0.54362980548407
pQBR0061,0.343331183468228,10.4367882356594,6.73591571613414,0.0223284841906332,0.0882067391993611,0.375980554025914,10.4367882356594,8.0669998548773,0.0140162637008737,0.0669977404901761
pQBR0062,0.208801651066639,11.365191800798,3.31163717005501,0.0920890829391816,0.242210636863015,0.186898709701979,11.365191800798,2.65078442885951,0.127688199059553,0.299611704196459
pQBR0063,0.0542936705363137,10.9293470522867,0.194819795953745,0.666250194037089,0.807732244642666,-0.0622767759365738,10.9293470522867,0.255137049464939,0.622008351235681,0.760409186421114
pQBR0064,-0.314386070915795,9.85339765359484,4.16483255153425,0.062306574257075,0.181600868871231,-0.60737152773303,9.85339765359484,15.2624331322628,0.00183166575243038,0.0186284304183345
pQBR0065,0.202758669850831,10.6132058851569,2.99594280489115,0.107328508162839,0.263092445650446,0.10701181506494,10.6132058851569,0.829902690722112,0.37902599790323,0.565570647114544
pQBR0066,0.0927712762753524,6.6113067447577,0.123805529051144,0.730630077393566,0.841995830206129,0.330711353429613,6.6113067447577,1.6296832598254,0.224272438461094,0.408066583133386
pQBR0067,-0.101121376375026,10.3133962401926,0.632839075549183,0.440723166537026,0.63262965046456,-0.27654299456358,10.3133962401926,4.68939050125677,0.0497088270115745,0.158405462076884
pQBR0068,-0.262563994132565,10.1952989021022,4.00179159555911,0.0669778364253698,0.191709016834292,-0.600979783733208,10.1952989021022,20.6342564738829,0.000564800102727624,0.0107989779641522
pQBR0069,-0.141900510880173,10.2718421764458,1.14784105816298,0.303656853664142,0.502655758610571,-0.334909216940549,10.2718421764458,6.31341527856412,0.0260992131868488,0.0982316842780609
pQBR0070,-0.00688831724575655,10.7907359361971,0.00385494333254202,0.951445251624919,0.965585626914462,-0.164135245564935,10.7907359361971,2.1744288565811,0.164329073913434,0.3603178776634
pQBR0071,-0.0181709273760677,10.8098375548587,0.0303611110959461,0.864380921066955,0.923071904248067,-0.160013631190812,10.8098375548587,2.34161462683489,0.150129918137288,0.336911271688373
pQBR0072,-0.191596350120742,10.3465816235811,2.16765601644662,0.164939220242981,0.356746367765361,-0.393835044999819,10.3465816235811,9.05190738785471,0.0101553500622721,0.0521963153738286
pQBR0073,0.141970324086785,9.26255095844761,1.25528527204329,0.282991704542647,0.49189103553231,0.114774545849086,9.26255095844761,0.814838243024459,0.383256374610155,0.565570647114544
pQBR0074,0.0484913962854172,11.6513950930854,0.193287006311518,0.667477482497601,0.807732244642666,-0.0674799782642914,11.6513950930854,0.373662771714351,0.551645463283355,0.706934400668749
pQBR0075,-0.132356942800499,8.75491747879259,0.961888106392746,0.344766311638674,0.546885944289723,-0.122139590931281,8.75491747879259,0.814324301402355,0.383401957952902,0.565570647114544
pQBR0076,0.142247133128237,9.31147301282273,0.920316014838479,0.355046075735785,0.554614458175508,0.200899720296034,9.31147301282273,1.83729822216972,0.198549113692862,0.393802806411569
pQBR0077,0.181676487311891,10.1912484586941,2.25168484496928,0.157566753883829,0.348689390539215,0.381079704902849,10.1912484586941,9.91512699791945,0.00776182815354588,0.0441684983023206
pQBR0078,-0.0844282848134392,15.8235045233637,0.109645504640473,0.74587066279461,0.845948617347587,0.00753315210791536,15.8235045233637,0.000872985472489512,0.976881550548207,0.988625748985082
pQBR0079,-0.271934601193882,15.7971223227392,1.02308021128974,0.330404739826088,0.531762510561852,-0.227652491790643,15.7971223227392,0.717295313035917,0.412485082378232,0.585655481437831
pQBR0080,-0.268754731920097,11.5984122275568,0.78116432794144,0.392976042048185,0.590839391503637,-0.221640765699275,11.5984122275568,0.531349312277069,0.479079113001194,0.650567659132303
pQBR0081,-0.159294100205423,11.5828352477681,0.40513777726724,0.535590466797764,0.709175188723909,-0.0273591623585844,11.5828352477681,0.0119555885934816,0.914615842991994,0.950171144204457
pQBR0082,-0.0269947648805792,11.4337878846629,0.0156916745365337,0.902245712824045,0.943604953810513,-0.0215099394308372,11.4337878846629,0.00994777532728671,0.922086793134412,0.951960015374188
pQBR0083,-0.00421749700042524,11.3271493080377,0.000317612844116498,0.986054068216679,0.991298221706433,0.0307451106143319,11.3271493080377,0.0168501683118921,0.898722445412808,0.942081861638864
pQBR0084,-0.0175607699595735,11.0130329692525,0.00718360822949762,0.933757812207923,0.964009145216819,-0.0421016034278511,11.0130329692525,0.0411785164307572,0.842362595981935,0.912558129665038
pQBR0085,0.324048648092718,12.0114038837434,8.46690783505617,0.0122713656740396,0.0599562630133186,0.00813747889228166,12.0114038837434,0.0053315043995701,0.942913617303435,0.963268076954282
pQBR0086,0.341623165185087,13.8157665736742,7.14614364603436,0.0192657050550819,0.0807807633011327,0.0646059827058351,13.8157665736742,0.255899326706395,0.621493490379447,0.760409186421114
pQBR0087,0.146969932178533,12.9380798028091,1.88287669887107,0.193421197774467,0.388467783765527,0.0909067920235579,12.9380798028091,0.719856788183446,0.411673891735674,0.585655481437831
pQBR0088,-0.016093009301617,7.34403435260083,0.00579278894223154,0.940500194013898,0.96554488966864,-0.409048006256862,7.34403435260083,3.54698695264221,0.0824174827016303,0.227287507632392
pQBR0089,-0.296573695178258,13.2000822210477,5.2097385388551,0.040098244562679,0.138891021021453,-0.253469198863156,13.2000822210477,3.8072612359246,0.0731135183498429,0.209271028570209
pQBR0090,0.0201863030117283,11.534130728318,0.0385197144007272,0.847464378545344,0.916488626571662,-0.077401172545165,11.534130728318,0.564740639959976,0.465859911263964,0.639888039034985
pQBR0091,-0.387796716468433,9.18667465161435,9.19656368170501,0.00969985531236653,0.0526878504467182,-0.374455901423728,9.18667465161435,8.56167030774232,0.0118959471093023,0.0598553970341736
pQBR0092,-0.129289606290201,11.2420331636194,0.840684369070105,0.376041432996967,0.576114759527405,0.0919978583529542,11.2420331636194,0.425664130816276,0.52559167790984,0.688309101481928
pQBR0093,-0.294936067617324,12.442402749726,4.66460700128103,0.0502311909810959,0.155912397980285,-0.177751858603318,12.442402749726,1.6970615332671,0.215471916395271,0.40159042833309
pQBR0094,-0.0238869884389443,11.0534893545893,0.0481831346734541,0.829694091795326,0.907537244572461,0.203383105488076,11.0534893545893,3.49767634796162,0.0843378817811044,0.230362899950674
pQBR0095,-0.161006289104691,11.8741771987068,0.926458177903306,0.353499241887285,0.554614458175508,0.0449855163537167,11.8741771987068,0.0724846211311279,0.7920153820278,0.872211161699512
pQBR0096,-0.293892074568094,12.2164211949327,4.79375376166967,0.0475788781214927,0.152870315373503,-0.181110058574845,12.2164211949327,1.82292319034539,0.200202709721242,0.395104722578333
pQBR0097,-0.0102161138793249,10.7741096559193,0.00999216008038618,0.921913792202594,0.960075801030152,0.082029056745663,10.7741096559193,0.643495007534528,0.436991749340494,0.610766246154258
pQBR0098,-0.356651438532976,10.9885529144792,6.17834971651231,0.0274594517264922,0.102543890041119,-0.0782368221315615,10.9885529144792,0.298536515002805,0.594135408120117,0.739574804899521
pQBR0099,-0.0344702772583982,10.7079460502799,0.113843199954222,0.741242837072764,0.844664763433107,0.136603982979079,10.7079460502799,1.78782982066929,0.204315027279336,0.397002370079361
pQBR0100,-0.320513510275554,11.1598050693037,7.00725473686409,0.0202439198401344,0.0826091354456999,-0.360374173457848,11.1598050693037,8.83989737447897,0.0108688443872624,0.0552692299692706
pQBR0101,-0.10840645187085,12.1360145605815,1.16214405344074,0.300787374680277,0.502655758610571,-0.0483262454605212,12.1360145605815,0.230889385279787,0.638919576291246,0.770844653715563
pQBR0102,0.0550727862591427,10.8654707015381,0.211854679273956,0.652987683213105,0.80166639348205,-0.017706559792408,10.8654707015381,0.0218429548648999,0.884793024481673,0.935688198456283
pQBR0103,0.177091538157214,11.0576131511088,1.99544970708323,0.181465361939463,0.372276579429456,0.338762088248663,11.0576131511088,7.29361175293289,0.0182871780814482,0.0807221343873778
pQBR0104,-0.240585926802204,10.2880563848695,2.61789701137533,0.12986751014997,0.297017559098974,0.0358321559856235,10.2880563848695,0.0584717390235564,0.81273320503232,0.886955415537555
pQBR0105,-0.0986743165543428,11.838632898006,0.692465215227869,0.420480753549219,0.614647707023018,0.197398964878953,11.838632898006,2.77424930469006,0.119899614911447,0.288000080038552
pQBR0106,-0.388355101662986,7.95238080967044,4.78649054070992,0.0477235511473667,0.152870315373503,-0.318095336643667,7.95238080967044,3.2156130898503,0.0964278787581971,0.256069589146768
pQBR0107,0.0621548293054601,12.7133487597061,0.293236989997808,0.597391667522524,0.757839003601814,0.0692338682960089,12.7133487597061,0.3635011518859,0.557030216841832,0.710027849734388
pQBR0108,-0.173199618842295,11.7687186676631,2.62857867425169,0.129154666219077,0.297017559098974,-0.264941987239203,11.7687186676631,6.13546589185056,0.0279086808165016,0.104221479924123
pQBR0109,-0.229480128162048,9.89313525729835,4.9862859423656,0.0439273251509398,0.144808699463098,-0.134268038501623,9.89313525729835,1.70575343007406,0.21436972969198,0.40159042833309
pQBR0110,-0.217532252654563,11.100960481738,1.72440664795772,0.212029085798912,0.411991475658049,-0.0985233807699129,11.100960481738,0.353547458519534,0.5624065214558,0.713972273079591
pQBR0111,-0.327882382801141,12.7052953789404,7.96353017591261,0.0145139570456817,0.0660730615984365,-0.110312864535464,12.7052953789404,0.90328713040736,0.359387068060599,0.54362980548407
pQBR0112,-0.359038097648699,11.7601789666466,8.38970780901517,0.0125874705515517,0.0603268605301375,-0.255791982192863,11.7601789666466,4.26384673628491,0.0596600297631419,0.179864553728049
pQBR0113,-0.212232182712696,12.0038776519702,2.86484813059941,0.114554596884084,0.275641207540766,-0.163195458312,12.0038776519702,1.69422715988295,0.215832931183738,0.40159042833309
pQBR0114,-0.274241519709522,9.93009434961188,6.3694841949056,0.0255579506069463,0.0971148151114243,-0.261377686542809,9.93009434961188,5.77743405856646,0.0320177035904448,0.114450897993349
pQBR0115,0.602308244455363,10.4534807671407,27.2239318167927,0.00017072557139206,0.00281402838363464,0.412214664628648,10.4534807671407,12.6930474631059,0.00351516413615877,0.0275450566735064
pQBR0116,0.362591292901566,11.058285687968,13.185397218645,0.00308564017402634,0.0240384133509908,0.171839946367159,11.058285687968,2.95364354502625,0.109597357470794,0.274280297754134
pQBR0117,0.212601727615488,11.6854675497487,3.26988365976292,0.0939458856128993,0.244456086319082,0.0396888794601421,11.6854675497487,0.113673276941546,0.741428297705752,0.837541754333806
pQBR0118,0.35897636006345,10.4800040375656,4.88440218385389,0.0458164419230944,0.150001775611227,0.369590926554071,10.4800040375656,5.15603086967578,0.0409811794979106,0.13603474861112
pQBR0119,0.283700133493844,9.95321571006906,7.19578256424328,0.018929620321573,0.080073969147893,0.296211921724296,9.95321571006906,7.80635720005955,0.015310103436916,0.0705585431797636
pQBR0120,0.694258611439004,10.5211368096844,29.0873422609451,0.000126326814439358,0.00223645249266715,0.549859036749306,10.5211368096844,18.2125015367434,0.000934359951107788,0.0134375695426579
pQBR0121,0.627869242532066,9.41230710549714,19.102281409009,0.000772950718863999,0.00879691532421409,0.436750792394797,9.41230710549714,9.16232814493661,0.00980546472521399,0.0509457841157858
pQBR0122,-0.129778828481862,9.68325548952277,0.994515544893381,0.33699906524015,0.538747669514353,0.112223088071406,9.68325548952277,0.748101103372988,0.402892151639783,0.582447081530155
pQBR0123,-0.0910537472781836,8.51345377048635,0.466547611933015,0.506674365558982,0.684263826171344,0.254573998317381,8.51345377048635,3.70712646063047,0.076534998790138,0.217760294176702
pQBR0124,-0.0380339461955045,10.1583379093329,0.158326387489111,0.69721517784523,0.820859248793153,0.133762059895605,10.1583379093329,1.96112271272473,0.185008213889321,0.386174350389063
pQBR0125,-0.0384374465916167,9.46940418229544,0.0959655481312016,0.761678353043244,0.858684558383657,-0.056452626701241,9.46940418229544,0.205953208147581,0.657506261899748,0.780818626241521
pQBR0126,0.387065831037582,10.6899506457184,9.41081691478435,0.00906827695233636,0.0504027486420556,0.31935317283839,10.6899506457184,6.39089775439455,0.0253547281453726,0.0969564804279049
pQBR0127,0.170838313193441,11.1986370569714,2.12227918910221,0.169101871653474,0.357213716168483,0.38038939833953,11.1986370569714,10.5083494749593,0.00649615601645516,0.0419616564306157
pQBR0128,0.0560382730599108,11.4810691452974,0.24799161974962,0.626882648695504,0.778311444354418,0.245266123042426,11.4810691452974,4.75024141392382,0.0484534533538335,0.155441279886795
pQBR0129,0.395659337688551,8.97371871605252,8.47636436379127,0.0122332862452899,0.0599562630133186,0.360949423163191,8.97371871605252,6.99730565868893,0.0203162029403164,0.0838958273500155
pQBR0130,0.0503494591345355,10.6125006832237,0.1795580497658,0.678740536718864,0.811754759559007,-0.301043915083971,10.6125006832237,6.35178477558419,0.0257273727776857,0.0976006681566172
pQBR0131,0.0863920969144848,11.5995902672381,0.390620701958812,0.542882130290061,0.716844359885771,-0.491121525182312,11.5995902672381,12.4578296258648,0.00374466928597267,0.0284024766607906
pQBR0132,-0.169587216955421,10.0595735828123,2.75613533472605,0.121004847769151,0.286338204127001,-0.669270381844742,10.0595735828123,41.7161083149168,2.22740259642594e-05,0.002661746102729
pQBR0133,0.081808601940858,10.532243385897,0.551369423085206,0.471077889914745,0.654579160986186,-0.0482892379476144,10.532243385897,0.190835526717189,0.669452604632248,0.792075111421323
pQBR0134,0.581215775190468,14.9861215914145,11.4196182852795,0.00499046984669602,0.0329868500547909,-0.170243000972843,14.9861215914145,0.98485141710357,0.339273057002361,0.523684158158035
pQBR0135,-0.161677991075969,11.5183239791247,0.575321190592637,0.461799785549637,0.645439466353001,-0.293853448246666,11.5183239791247,1.88973948845833,0.192663914002767,0.389096101549118
pQBR0136,0.90134574877348,10.0812889280324,24.3229734118261,0.000281251869777701,0.00420119980480441,0.534485000063718,10.0812889280324,8.49318935996334,0.0121658764548381,0.0605759265147147
pQBR0137,-0.330955688733157,13.3656320205268,5.5412597246628,0.0351207175705342,0.12435335554604,-0.228649238812101,13.3656320205268,2.64804858863999,0.127867756602673,0.299611704196459
pQBR0138,-0.29884497057827,12.2028688939104,3.3086039648674,0.0922224600608131,0.242210636863015,-0.115687505002868,12.2028688939104,0.496919452208851,0.493401355089599,0.656108771709391
pQBR0139,-0.172944177899859,9.72878695558593,1.42456488881746,0.254163501487748,0.456729901169713,-0.0259899834558741,9.72878695558593,0.0321677305561431,0.860449276918941,0.921002233989447
pQBR0140,0.593342971876061,8.76133959152115,10.5046437307139,0.00650327915858322,0.0397123666158724,0.0118748691267095,8.76133959152115,0.00405174669835985,0.950223023554871,0.966397032466443
pQBR0141,-0.271791655167765,10.6285559646713,6.43708259767514,0.0249228547461115,0.0971148151114243,-0.220683932511681,10.6285559646713,4.24300663741171,0.0602057083608532,0.179864553728049
pQBR0142,-0.26515195576041,12.8187866742042,4.69905539865599,0.0495068736618785,0.155912397980285,-0.230071969140231,12.8187866742042,3.53870088038087,0.0827364567532138,0.227287507632392
pQBR0143,-0.6413074040778,5.32273598905259,3.94004986687223,0.0688557538832821,0.194751777255674,-1.43578845886765,5.32273598905259,16.7128464286761,0.00130377244232891,0.0159795699341851
pQBR0144,-0.152645959312155,10.3647529653723,1.66577744118253,0.219500737726678,0.4178429759865,-0.151779263270506,10.3647529653723,1.64416746116473,0.222341424584868,0.40720000364585
pQBR0145,-0.0874018683525923,12.1343020980706,0.417006992654053,0.529765628841038,0.705370391604502,-0.000637848997281011,12.1343020980706,2.21972519588913e-05,0.996313016828029,0.996987562604583
pQBR0146,-0.178257952135528,11.7624968061653,1.43674950806071,0.252244469386556,0.456729901169713,0.0935232534782144,11.7624968061653,0.395825627962029,0.54024607741966,0.699830962077501
pQBR0147,-0.419930204411628,12.4105324403828,8.72848798990267,0.0112671727785849,0.0585403107409087,-0.398088919560002,12.4105324403828,7.84419935319147,0.0151138407250456,0.0705585431797636
pQBR0148,-0.477214230429847,13.3131419071628,8.46172657800467,0.0122922882328561,0.0599562630133186,-0.511869941978263,13.3131419071628,9.72587359526247,0.00822457813821152,0.0457133529077338
pQBR0149,-0.388234799238517,9.09206925926219,9.87398838185906,0.00785977991063911,0.045644780782802,-0.292830438235618,9.09206925926219,5.62937665966323,0.0339231126849861,0.119001623456032
pQBR0150,-0.498456842901923,7.85492055647401,10.8195795847298,0.00592906665322392,0.037290708687382,-0.496972280325877,7.85492055647401,10.6856936239044,0.00616564938783025,0.0409330612136508
pQBR0151,0.0598633568345406,11.2858455975625,0.324647911444543,0.578625619088566,0.747521745741445,0.221164846275697,11.2858455975625,4.42862667172404,0.0555473584351833,0.172413229428686
pQBR0152,0.0103451056791326,9.70408695391422,0.00401547502056585,0.950446006334269,0.965585626914462,0.119714735819118,9.70408695391422,0.539852997587978,0.475652304003649,0.647754419697277
pQBR0153,-0.160620795539909,7.76423238312,0.90408195409287,0.359182715251913,0.5592486576235,-0.165037979178392,7.76423238312,0.952063531087052,0.347156069792764,0.530841248211406
pQBR0154,-0.189871800704679,12.9123813114581,4.06003027107201,0.065262543091375,0.187924672275164,-0.0854948525682277,12.9123813114581,0.823527791578215,0.380807525617855,0.565570647114544
pQBR0155,0.0319410275803026,6.83759124234599,0.0253730827007797,0.875910342890558,0.930522724859609,-0.257794198215282,6.83759124234599,1.57265686741701,0.232093080447753,0.417069520503857
pQBR0156,0.0393851945800083,8.3052821306099,0.0708293487704388,0.794343580481553,0.883295297867711,-0.0516039872721194,8.3052821306099,0.1200471300465,0.734575242415338,0.832054421503629
pQBR0157,-0.637159772739312,9.21266373745475,17.1888634686918,0.00117068382907352,0.0116580597978571,-0.549638478003687,9.21266373745475,12.8292753855049,0.00338973029105929,0.0270305609010812
pQBR0158,-0.362328226934643,11.6333542972532,7.07875671034153,0.0197332233771369,0.0813144894333745,-0.611968832644896,11.6333542972532,20.0200110011431,0.000639319029607941,0.0114265177631548
pQBR0159,-0.166445239736206,11.1505888976824,2.76728129627536,0.120323292680315,0.286141959707416,-0.0615628820787932,11.1505888976824,0.378678957661141,0.549024779053241,0.705467323622176
pQBR0160,-0.134775559438733,11.0265685643716,1.2691931874189,0.280460003837995,0.489269641731976,0.0169699817971302,11.0265685643716,0.0201232880224733,0.889387005029491,0.938470173077476
pQBR0161,-0.95739916006223,5.44893500339444,8.19680461229485,0.0134198587636757,0.0628891420493821,-0.785503481162298,5.44893500339444,5.77206445860428,0.0320845613621522,0.114450897993349
pQBR0162,-0.22697828053128,11.06095143581,2.99703496314474,0.107270692685756,0.263092445650446,-0.381149751533156,11.06095143581,8.39829017717102,0.0125518626737548,0.0618535088459256
pQBR0163,-0.695021942210117,6.44751994825441,9.08088857080905,0.010062127744693,0.0534410784662586,-0.516939313642257,6.44751994825441,5.15732742441073,0.0409595947883744,0.13603474861112
pQBR0164,-0.363901877968394,8.6507750340396,4.57664592568217,0.0521387021682385,0.157928869297505,-0.061136153360245,8.6507750340396,0.130867834988898,0.723396408019521,0.831215691202444
pQBR0165,-0.570539914905822,8.43757118101647,9.84369131322354,0.0079328396259254,0.045644780782802,-0.485628452943142,8.43757118101647,7.12066739721912,0.0194409104136834,0.0822367714844305
pQBR0166,-0.101293038912658,7.69531246129848,0.193719802191256,0.667130354671243,0.807732244642666,0.110214648550197,7.69531246129848,0.229086772833507,0.640220350470876,0.770844653715563
pQBR0167,-0.0700717049202202,10.7852440818388,0.466365096015297,0.506756055365388,0.684263826171344,-0.295144884429048,10.7852440818388,8.2055076704584,0.013380944565656,0.0646069848725613
pQBR0168,0.190200767681522,9.70845300585342,2.15097289373063,0.166454416519581,0.357213716168483,-0.114099342585118,9.70845300585342,0.763164280075957,0.398327187058971,0.580016606152882
pQBR0169,0.0999014264579294,9.99921600346691,0.925656534454604,0.353700564417787,0.554614458175508,0.0293644639118859,9.99921600346691,0.0794279373665066,0.782549154999573,0.869903479278595
pQBR0170,0.207826463950106,8.99703354084677,3.14971303424431,0.0995499910589348,0.255539230276872,-0.00832931195795295,8.99703354084677,0.00498931688450138,0.944772568352953,0.963268076954282
pQBR0171,0.902595040382266,8.19297581398806,33.4263612777317,6.59006472313089e-05,0.00155721411156395,0.701735124848529,8.19297581398806,19.7956396865722,0.000669335768553002,0.0114265177631548
pQBR0172,0.619168237284419,8.59500655253753,13.4002065895572,0.00291755777917,0.0232432103073877,0.543191585647952,8.59500655253753,10.1762131459374,0.00717231937129836,0.0426438458695268
pQBR0173,0.143175154271546,9.10134576418372,1.30029095857703,0.274910350522817,0.482478861240778,0.210079334908541,9.10134576418372,2.79712299968336,0.11852167903812,0.287580520711784
pQBR0174,-0.264691591475409,12.0112389997464,4.62298994353358,0.0511231408223298,0.156646546878677,-0.325736806312045,12.0112389997464,6.9913446198922,0.0203596568464473,0.0838958273500155
pQBR0175,-0.285726757376489,11.8290905446573,5.58097095692032,0.0345749146734873,0.123334397118858,-0.286193747404125,11.8290905446573,5.59709869741496,0.0343561172320762,0.119001623456032
pQBR0176,-0.668090367442785,10.4777918637556,19.1026510908494,0.000772890724430935,0.00879691532421409,-0.900176190351777,10.4777918637556,34.279097107412,5.84223297998745e-05,0.00540317964601727
pQBR0177,-0.352161999920952,12.2255185367098,13.0760762255277,0.00317548586382554,0.0240384133509908,-0.339619353561348,12.2255185367098,12.1541614088349,0.00406720943313879,0.0294564561975809
pQBR0178,0.239572820280367,13.0820367227476,1.62054713621191,0.225501790744769,0.421176962087028,0.173914095163246,13.0820367227476,0.853315902723901,0.37258953049459,0.558300299612583
pQBR0179,0.0935831679321931,10.6849948131598,0.825136281963376,0.380356825855719,0.579014531079724,0.329502022913837,10.6849948131598,10.2254390645143,0.00706710643863094,0.0426438458695268
pQBR0180,-0.0621766437574058,9.8211490344123,0.280371366737688,0.605460107437074,0.760097818521556,0.0391570168770714,9.8211490344123,0.11130903255244,0.744025014203257,0.837541754333806
pQBR0181,-0.172327105176915,10.2442693828449,2.05225797063333,0.17579019879862,0.366933253387512,-0.0854258759257192,10.2442693828449,0.504174045771147,0.490321864271861,0.656108771709391
pQBR0182,0.1582222903885,9.42719563140787,2.1238616117429,0.168954484595878,0.357213716168483,-0.0429922008193009,9.42719563140787,0.154939555019903,0.700294263287628,0.816440628906064
pQBR0183,0.0661116125728876,7.7408007892048,0.170927945890307,0.686085612681671,0.811754759559007,-0.0562413536102571,7.7408007892048,0.1217359037369,0.732794040070485,0.832054421503629
pQBR0184,2.81355074367277,8.21065752706428,55.102770822171,5.28966738826397e-06,0.000257714608434645,1.27122595763583,8.21065752706428,10.3791232462048,0.00675001352869552,0.0424540324567955
pQBR0185,-0.283805015220389,7.18935168295151,2.66498097081761,0.126761450996687,0.297017559098974,-0.33400066004493,7.18935168295151,3.64097762413256,0.0789013267178118,0.221851965712435
pQBR0186,1.99385545608404,8.05535371296211,39.2977915730136,3.00043952337532e-05,0.000956140061448937,1.04693298652083,8.05535371296211,10.2203813091059,0.00707783334301296,0.0426438458695268
pQBR0187,2.18054992232615,8.25940667384805,56.2677009751167,4.73332966370962e-06,0.000257714608434645,0.983011644955419,8.25940667384805,10.8008672098199,0.00596148851881093,0.0408949239053191
pQBR0188,1.58706011622956,8.4059651861605,37.9935648919292,3.54440957206111e-05,0.00105889235965326,0.608053137018011,8.4059651861605,5.31317881931991,0.0384604164069897,0.130383539308802
pQBR0189,1.74603234557903,7.40724588197265,68.6860653049953,1.60957278574671e-06,0.000153875158317386,1.10114743362585,7.40724588197265,25.7310654817514,0.000219654844405951,0.00679186575143402
pQBR0190,1.61244468062507,8.69285208194942,93.1002191299716,2.92573583414653e-07,8.15065049870218e-05,0.81339080961024,8.69285208194942,23.0396771763015,0.000355392896450773,0.00808941926206998
pQBR0191,0.0199084699043776,12.6191246499381,0.0227125374757584,0.88254044002041,0.934150182226016,-0.298317556640654,12.6191246499381,5.07761871740696,0.0423120075701966,0.139483721507269
pQBR0192,0.629801673399168,11.4410821146595,21.2521800651568,0.000499795717363129,0.00645682034863718,0.154004448961042,11.4410821146595,1.27113413650172,0.280109160558885,0.46169716809361
pQBR0193,0.720679131105606,9.72755789430868,31.5500815140469,8.66124572974464e-05,0.00165603018352718,0.189750367045705,9.72755789430868,2.14872305866954,0.166660096051183,0.362106935965752
pQBR0194,0.914963995897721,8.82423207435669,20.3562500326192,0.000597206284886222,0.00751222642567406,0.269928148741536,8.82423207435669,1.71455795077679,0.213260746613167,0.40159042833309
pQBR0195,1.32141537107682,9.23286710143156,25.7918888803381,0.000217368282369177,0.00346340129908221,0.757650122245151,9.23286710143156,8.33676722742817,0.0128097480155207,0.0624801995042743
pQBR0196,1.54671517917173,10.8447983349921,53.058520603618,6.45937851397167e-06,0.000257714608434645,0.939569203019948,10.8447983349921,19.8311132158689,0.00066448317717289,0.0114265177631548
pQBR0197,1.31065530979787,10.9289545326726,54.454565786602,5.6318177143172e-06,0.000257714608434645,0.726300288945025,10.9289545326726,16.8666945191851,0.00125892676040621,0.0158359734598466
pQBR0198,0.784080768945392,10.5562878792044,28.7903253017509,0.00013241449118269,0.00226050452804735,0.240500512265054,10.5562878792044,2.69414791024469,0.124883394920306,0.298471313859532
pQBR0199,0.000927888971561551,12.1537713442018,5.31070859695344e-05,0.994297105012284,0.996051795512556,-0.0348038419014181,12.1537713442018,0.0746018746898199,0.789078769843804,0.872211161699512
pQBR0200,-0.252930410934349,11.9234714024133,2.90054517614779,0.112529294502501,0.273040623209114,-0.352117278242935,11.9234714024133,5.60915068807147,0.0341936815355401,0.119001623456032
pQBR0201,-0.337067645132961,11.8327270826874,5.07035644662021,0.0424378392024028,0.140870049574643,-0.385983759235644,11.8327270826874,6.64123594166652,0.0231145152352112,0.0898271405075686
pQBR0202,0.38457000638915,11.6369233245942,10.4735839416444,0.00656334092605423,0.0397123666158724,0.360068132071872,11.6369233245942,9.16634019632503,0.00979301922687257,0.0509457841157858
pQBR0203,0.355465959564529,12.1996916494145,9.68058170494607,0.00834004482524884,0.0469004873702229,0.453962995871691,12.1996916494145,15.7584085573866,0.00162723992163203,0.0174717147857228
pQBR0204,0.666709960105152,11.2856758091145,14.0334783532482,0.00248060558424165,0.020443611539095,0.745736082609534,11.2856758091145,17.4920884363782,0.00109411836855268,0.0145609082970795
pQBR0205,0.121032725362671,11.3211389672132,1.11661197472786,0.310056699356896,0.507558569495193,0.215553477613758,11.3211389672132,3.54065506027355,0.0826610958677094,0.227287507632392
pQBR0206,0.346048788223756,7.84660205568794,3.91067095537485,0.0697715138795587,0.195473564069279,0.285914561617305,7.84660205568794,2.65127083397975,0.127656308194792,0.299611704196459
pQBR0207,-0.100325452405429,9.17125072815073,0.47358185242591,0.503543960320754,0.684263826171344,-0.169843293344115,9.17125072815073,1.35053250600238,0.266256286962495,0.447912139302491
pQBR0208,0.219031679909309,9.62657553745182,1.24235485783894,0.285373719338532,0.494234195086299,0.303099651228504,9.62657553745182,2.36179783900024,0.148521735459727,0.336163275879164
pQBR0209,0.500074495254245,8.8452993107873,5.82641803156,0.0314153289564989,0.114212261138576,0.275494480601707,8.8452993107873,1.73637588908443,0.210544672032497,0.40159042833309
pQBR0210,1.28161868959566,8.2735536814456,22.4987173652269,0.000393269459876395,0.00552890593590931,0.839864898426029,8.2735536814456,9.41863794925183,0.00904614557151862,0.0491370179907489
pQBR0211,1.6683326076458,9.86297149060951,32.1914198460983,7.87838146519784e-05,0.00163733319146285,1.05669947240501,9.86297149060951,12.8946067526503,0.00333142497985982,0.0270305609010812
pQBR0212,1.09637382123775,10.719170544993,20.1145762946551,0.000627136993065563,0.00768644827398305,0.623145642102201,10.719170544993,6.51095275427183,0.0242499517258853,0.0934796526207513
pQBR0213,-0.0396295688873188,9.86754211657349,0.167625584430892,0.688954229951617,0.813136103498452,-0.237233451820521,9.86754211657349,5.93853999116696,0.0300861484271986,0.1106244534477
pQBR0214,-0.0321065018341095,9.01892158976886,0.0693535956389245,0.796444086571095,0.883295297867711,0.104321838775343,9.01892158976886,0.731386276309231,0.408053392223494,0.584511297146496
pQBR0215,-0.0122645067139303,6.75159300435162,0.00397057365438068,0.950723446521947,0.965585626914462,-0.0203934354197129,6.75159300435162,0.0109243427616862,0.918366252348241,0.950171144204457
pQBR0216,0.0341692018937357,7.47217079316379,0.0187390634131498,0.89323271710099,0.940452067784743,0.262677170026181,7.47217079316379,1.133869260164,0.306496995869455,0.489985163965216
pQBR0217,-0.0851668962696793,7.86811360260951,0.17301693181558,0.684287873639463,0.811754759559007,0.112320192423157,7.86811360260951,0.303722779566744,0.590985315809952,0.737574362812421
pQBR0218,0.0599005009553398,7.42382463129198,0.112991429720653,0.742174059920303,0.844664763433107,0.131148769679835,7.42382463129198,0.54455891248002,0.473773946007699,0.647039846261944
pQBR0219,0.0370321340858572,4.392925699468,0.005770769424221,0.940613152255124,0.96554488966864,0.759353376204481,4.392925699468,3.05037961527502,0.104492606595682,0.2706748833049
pQBR0220,-0.139055137584111,6.9359550371789,0.431656695978235,0.522738166180084,0.700910032006845,0.193268162588676,6.9359550371789,0.87425742234269,0.36697032437238,0.553349574290213
pQBR0221,-0.0430995695817426,8.45161269076801,0.121746429672454,0.732782981936715,0.841995830206129,-0.536810722186423,8.45161269076801,18.1077908079686,0.000955810385879431,0.0134375695426579
pQBR0222,-0.0277065216100542,8.11905682898433,0.0338590791724092,0.856870764156341,0.922486993843989,-0.065235619630677,8.11905682898433,0.185839798871305,0.673525308319464,0.792968220139664
pQBR0223,0.168629902088142,10.5154336610759,2.17495007803455,0.164282236789447,0.356746367765361,0.19598614601402,10.5154336610759,2.93051703786206,0.110862674634041,0.274571805570318
pQBR0224,0.103216533930407,11.0525922360457,0.749330186128503,0.40251664391124,0.598673879491614,0.276433782590495,11.0525922360457,5.36958541110482,0.0376007154382441,0.129303179708494
pQBR0225,0.189857232591453,9.39778408725735,1.85284099679201,0.196780966614384,0.391294323507533,0.299824854481518,9.39778408725735,4.60505845308078,0.0515132628396266,0.16306847441948
pQBR0226,0.487001298138352,8.64674588952188,11.1490785057631,0.00539045839675478,0.0348194474817403,-0.00411060578673682,8.64674588952188,0.000770219005345229,0.978284475460133,0.988625748985082
pQBR0227,-0.643361261119237,11.3790052423761,33.1647158365086,6.84131722653618e-05,0.00155721411156395,-0.583626967723686,11.3790052423761,27.2989173253896,0.000168621868321375,0.00620009638904747
pQBR0228,-0.691554226290603,9.07593903914888,23.43700732345,0.000330252247384378,0.00478365376514341,-0.801770197728711,9.07593903914888,31.0869188733634,9.28276188188197e-05,0.00575911891905454
pQBR0229,-0.489777919328266,8.11935066935193,8.35013275002923,0.0127532012014454,0.0603567343989198,-0.833000777361183,8.11935066935193,23.3541616191954,0.000335319722383144,0.00801414136495714
pQBR0230,0.0095398821701348,7.45370475160327,0.0022240473214385,0.963108878720908,0.975351788196174,0.202271497051372,7.45370475160327,1.01268782394781,0.332782230691283,0.519836295001416
pQBR0231,-0.103039548815509,9.81768993149321,0.783455643274272,0.392302799494233,0.590839391503637,0.141326811232231,9.81768993149321,1.48234985928706,0.245232323706526,0.427814053765399
pQBR0232,-0.11533493479295,8.88522202840755,0.780848821961711,0.393068883887357,0.590839391503637,-0.00589318885594293,8.88522202840755,0.00204634168074397,0.964612264373638,0.97894832775074
pQBR0233,0.294523987064255,8.86641054874014,4.47786896419603,0.0543846619597046,0.162474177604618,0.375149596214621,8.86641054874014,7.27500899261119,0.0184073486364523,0.0807221343873778
pQBR0234,-0.145750134981699,10.9426660246311,1.65311402664562,0.221159566787834,0.4178429759865,0.0635302105898805,10.9426660246311,0.314701333175209,0.584432450271888,0.731305526780006
pQBR0235,-0.545928488893009,8.09939680804355,11.5207084998733,0.00484994843352279,0.0326517655101957,-0.20974698429979,8.09939680804355,1.74678195965681,0.209265090099462,0.40159042833309
pQBR0236,-0.279471285332242,7.06128567069905,2.19316592229923,0.162655893036743,0.355020624984307,0.129561229022479,7.06128567069905,0.495190047259589,0.494140497521717,0.656108771709391
pQBR0237,-0.225172860153991,9.11857260711952,2.62675489306277,0.129276033055801,0.297017559098974,-0.135663735782403,9.11857260711952,0.950244970029571,0.347601068389477,0.530841248211406
pQBR0238,-0.48486276914143,6.36046759260646,5.18474203386518,0.0405063433042885,0.139295194960071,-0.0345866654521022,6.36046759260646,0.0283165338111962,0.868979095249458,0.921002233989447
pQBR0239,-0.0280664372219945,9.08523636283742,0.0563314998984905,0.816122514062701,0.90093894162118,-0.167333289882242,9.08523636283742,1.98192510589562,0.182850782301494,0.383345061140852
pQBR0240,-0.0388721203366545,9.53562786045129,0.059173741412999,0.811635897889471,0.898060090720294,0.0391359776136804,9.53562786045129,0.0596067972347393,0.810962432908846,0.886955415537555
pQBR0241,-0.18943348505149,8.88671413991936,2.40108073543371,0.145453039806982,0.324890434709053,-0.0129674374568878,8.88671413991936,0.0112943269516354,0.917000886107312,0.950171144204457
pQBR0242,-0.013841958640304,11.2008711986687,0.015091345172614,0.90412357498999,0.943604953810513,0.164137350372737,11.2008711986687,2.12129209158293,0.169193892551615,0.365948781174987
pQBR0243,0.806711720775614,10.8328169314965,36.5277196805002,4.29715391471597e-05,0.00120825857131426,0.675040990259419,10.8328169314965,25.5318118890083,0.000227342786658879,0.00679186575143402
pQBR0244,0.214939664628881,6.93495327589517,1.19153240885286,0.295008949418042,0.500120721190029,0.467311273430538,6.93495327589517,5.7233156103281,0.032699144025582,0.115779191438727
pQBR0245,0.000899204618560938,8.74586876093122,2.54540377869993e-05,0.996051795512556,0.996051795512556,0.202194450180057,8.74586876093122,1.27892991754291,0.278706048675802,0.460974018225028
pQBR0246,-0.0522855851316158,8.52932584342786,0.0807759175258708,0.78076400904065,0.8760685359658,0.111028485684138,8.52932584342786,0.365588124172573,0.55591587901905,0.710027849734388
pQBR0247,-0.138610077612094,9.31586188799145,1.14660348056541,0.303906933553253,0.502655758610571,0.138020612610691,9.31586188799145,1.1474906245969,0.303727637279728,0.487750941402987
pQBR0248,0.0675909657369393,10.2691565787685,0.124338287733915,0.7300763529364,0.841995830206129,0.241790499518134,10.2691565787685,1.58530741035625,0.230327531841478,0.415458717812175
pQBR0249,0.150319600425966,9.57326128219854,1.54427754509481,0.236119343440311,0.434096331401802,-0.216934997601151,9.57326128219854,3.14024393234015,0.100008666373171,0.262660123771295
pQBR0250,-0.0603191065016252,11.7679368106031,0.175694921707463,0.682001947628663,0.811754759559007,0.0945187934833688,11.7679368106031,0.431061666039799,0.523020217513861,0.686823252669301
pQBR0251,-0.0142937601317116,10.8293451417399,0.0152874429271062,0.903506062452274,0.943604953810513,0.0680927493272279,10.8293451417399,0.346819916361938,0.56609935459658,0.713972273079591
pQBR0252,-0.227172629335627,11.6082251026603,2.11652546003022,0.169639149728547,0.357213716168483,-0.097501678804319,11.6082251026603,0.390708369950467,0.54283752606213,0.701287398534319
pQBR0253,-0.248560588145724,11.8743011527755,4.19152709355981,0.061579456817824,0.180582701588466,-0.0918181229102382,11.8743011527755,0.572894606699031,0.462725674189084,0.637414617470842
pQBR0254,-0.398202153839449,8.98865692321593,8.38172855086827,0.0126206821192756,0.0603268605301375,-0.385437797275146,8.98865692321593,7.79841935542965,0.0153516495621243,0.0705585431797636
pQBR0255,0.780313597314595,6.63409959495264,9.80745704700114,0.00802125854760538,0.045644780782802,0.508453518213988,6.63409959495264,3.96660599588962,0.068040381707256,0.198312819854076
pQBR0256,0.187015464846052,8.95568457934053,2.83928393725898,0.116032572156223,0.277317847453373,0.17645740575288,8.95568457934053,2.51223694865718,0.137188518240572,0.316792810236683
pQBR0257,0.2736399465523,9.39708676791152,5.43310132718995,0.0366597431419638,0.127907716947874,0.260846757952923,9.39708676791152,4.90723624419418,0.045384796183159,0.147577772622789
pQBR0258,0.0261762767577621,13.8546957373313,0.0393393652499523,0.845872561888878,0.916488626571662,-0.0606997021977584,13.8546957373313,0.21140748771237,0.653327369717047,0.780726206811871
pQBR0259,0.0817547336464521,13.4559348432097,0.561838318685334,0.466984165513042,0.650782598003598,-0.10687756214443,13.4559348432097,0.959211276961013,0.345415051259049,0.530841248211406
pQBR0260,-0.390915050452201,11.3847573687106,12.9662492749994,0.00326882189919331,0.0240384133509908,-0.0780324724257748,11.3847573687106,0.519174378337759,0.484060055821537,0.653617815487838
pQBR0261,-0.233413102677303,12.0052775469134,4.67852527738196,0.0499370341150989,0.155912397980285,-0.138670284569962,12.0052775469134,1.65238357350754,0.2212557518242,0.406770189892183
pQBR0262,-0.131312207265321,11.3417028104568,1.73425849135994,0.210806282745491,0.411287359805489,-0.108301364764228,11.3417028104568,1.17784688515624,0.297680439140819,0.482343220031564
pQBR0263,-0.42804426423128,8.28750803496387,5.45991213814362,0.0362709283909246,0.127481645373985,-0.359698315057989,8.28750803496387,3.8628799225196,0.0712926749590059,0.20653271897215
pQBR0264,-0.258031768749026,11.2771471886252,6.33155859021423,0.025922602661015,0.0975669611965762,0.0604705218039471,11.2771471886252,0.349102745846112,0.564840835623304,0.713972273079591
pQBR0265,-0.138741622882866,8.55495914565937,0.674182109172938,0.42652643289158,0.621527918284996,0.563759242882454,8.55495914565937,11.4483330616553,0.00495007857660947,0.0353154859644676
pQBR0266,-0.63158252690395,10.4848931017175,13.004136176419,0.00323626829117711,0.0240384133509908,-0.941177200323832,10.4848931017175,28.2414458800445,0.000144580391273336,0.00575911891905454
pQBR0267,-0.0434988489067113,9.93637094784963,0.144147379823027,0.710375321589425,0.829033250245153,0.0267133683647069,9.93637094784963,0.0542836306709392,0.81943007962007,0.89222682929019
pQBR0268,0.0329986611445696,9.60895378431716,0.113366424173557,0.741763603051053,0.844664763433107,0.0709127229984279,9.60895378431716,0.521611717832121,0.48305574602297,0.653617815487838
pQBR0269,-0.0678605699798788,12.2323565926774,0.471717444170051,0.504370276019989,0.684263826171344,0.0492984365628871,12.2323565926774,0.248981190593337,0.62620235353931,0.761786844426785
pQBR0270,0.123773464612587,11.3844102070158,1.32359300635352,0.270849748998503,0.481286914577265,0.226742808101553,11.3844102070158,4.43659071576996,0.055357316903319,0.172413229428686
pQBR0271,0.314938440528747,10.3431766714354,7.40917071723307,0.0175609582739245,0.0749476612047849,0.43578421954349,10.3431766714354,14.1425773777364,0.00241325013486698,0.023223483292477
pQBR0272,0.244440785168128,12.2355762632238,4.82652671380831,0.046932538569041,0.152610567591848,0.298300559871573,12.2355762632238,7.1775551181801,0.019052225619386,0.0813121771970224
pQBR0273,0.119539731512045,11.6166049822356,1.49018357317095,0.244053995516372,0.44696478872347,0.199818011927373,11.6166049822356,4.16088929732405,0.0624148518193435,0.184162340553372
pQBR0274,0.114223695830907,11.2043438834876,1.31671167733142,0.272040335630737,0.481612149746268,0.142154705029567,11.2043438834876,2.03738593166499,0.177253809688774,0.376565871249929
pQBR0275,-0.257638075458829,6.59486471703002,1.16603146000478,0.300014025151937,0.502655758610571,-0.292033964540831,6.59486471703002,1.48848846342761,0.244308329007677,0.427763301339449
pQBR0276,-0.083057373388959,8.90076917002601,0.467584935072063,0.506210534529198,0.684263826171344,0.0866125407767834,8.90076917002601,0.511723778880709,0.487152712026709,0.655940834785259
pQBR0277,0.064653483593543,8.96287126829507,0.18005455776447,0.678324402166842,0.811754759559007,0.228073472986252,8.96287126829507,2.24803273511062,0.157878442246471,0.349379145341727
pQBR0278,-0.303133606667588,8.50607556318714,5.10023265025574,0.0419230067924272,0.14013424648098,-0.21631434281773,8.50607556318714,2.60238354758841,0.130911508884111,0.30524732315417
pQBR0279,0.158722729242915,11.9622598398206,1.2973983802401,0.275420188874134,0.482478861240778,0.143573293598255,11.9622598398206,1.05958676330414,0.322243059563956,0.506684810761747
pQBR0280,0.0535762190172649,10.917738272989,0.289172101979543,0.599915516737966,0.758623325398803,0.00192189089705852,10.917738272989,0.000370878258873628,0.984930111415927,0.993241757925766
pQBR0281,-0.218596124012871,5.97532782508821,1.09597833733147,0.314389687901463,0.512895122241977,0.167576331575737,5.97532782508821,0.689168244712477,0.421560848276986,0.592664957283528
pQBR0282,-0.303480536701927,6.62219986079257,1.88341219996782,0.193361969639801,0.388467783765527,-0.722163484001345,6.62219986079257,10.0046174948418,0.00755362173576608,0.0435015805987492
pQBR0283,-0.241589954324003,7.16713302038844,1.73888505286894,0.210235203983407,0.411287359805489,0.23418023656103,7.16713302038844,1.70253651071354,0.214776795790577,0.40159042833309
pQBR0284,-0.295735750159405,6.84046672577232,2.57168977320298,0.133007925904631,0.300316213769006,-0.152200643991416,6.84046672577232,0.692534833033418,0.420457993966099,0.592664957283528
pQBR0285,-0.0563485829639609,8.42845388804206,0.122233109523391,0.732272283966511,0.841995830206129,0.0953050768011818,8.42845388804206,0.350826872911621,0.563894049052116,0.713972273079591
pQBR0286,0.0419130501322289,8.86375388392875,0.124192854604757,0.730227375800178,0.841995830206129,0.136083698792482,8.86375388392875,1.30653047204343,0.273814966997187,0.454949502261902
pQBR0287,0.458588760371751,9.17914110723828,7.58867502747035,0.016498806155432,0.0719761398020751,0.663327241453894,9.17914110723828,15.8572338694788,0.00158974006088743,0.0174717147857228
pQBR0288,0.0872222522543212,9.32141538766146,0.450709100847505,0.513853094148709,0.691892335219952,0.0523044210758766,9.32141538766146,0.160694171149418,0.695085330782353,0.814340166945992
pQBR0289,-0.0659895535577597,10.1330943076637,0.421634470668803,0.527526860056658,0.704351505885706,0.0273719412785785,10.1330943076637,0.0725175796761748,0.791969316984667,0.872211161699512
pQBR0290,0.0756238862256421,8.95950246241271,0.292722497176807,0.597709841752895,0.757839003601814,0.103946637042394,8.95950246241271,0.549269073645399,0.471906553255483,0.646336196149343
pQBR0291,0.376951712370077,9.2402756427052,6.81154972601868,0.0217230734920343,0.0865760072860936,0.350093141912347,9.2402756427052,5.81631342511722,0.0315384863671739,0.114207549117493
pQBR0292,0.218492456602183,8.32616577919641,1.194883890283,0.294359800649576,0.500120721190029,0.418770307819526,8.32616577919641,4.39213490311644,0.0564281663831415,0.17290168930219
pQBR0293,0.116973411977542,7.73733874924694,0.348258736223752,0.565305479952254,0.734282661459721,0.189299112957125,7.73733874924694,0.905591385773043,0.35879510546316,0.54362980548407
pQBR0294,-0.558115501210842,9.91947185645742,21.7114097837361,0.000457068609624501,0.00624225129715748,-0.656424453466117,9.91947185645742,29.8014106291964,0.000112970009748722,0.00575911891905454
pQBR0295,-0.238952186272977,11.4008292210793,4.69372135869636,0.0496182103231079,0.155912397980285,-0.157086355668058,11.4008292210793,2.02938456189682,0.178047673629103,0.3765787079412
pQBR0296,-0.35206369700432,9.20678427566413,5.16621155301684,0.040812056164346,0.139344020332553,-0.511089754127156,9.20678427566413,10.7366407865448,0.00607435062191978,0.0408949239053191
pQBR0297,-0.153193321459468,10.8324943262441,1.48132024238077,0.245387759690047,0.44769217225894,-0.0844567978707766,10.8324943262441,0.449497633393563,0.514409797114538,0.677377088211431
pQBR0298,-0.2584808341859,8.05818458545628,2.92815602020579,0.110992858024276,0.270686663957164,-0.0875085191078371,8.05818458545628,0.339355578271788,0.570254236084495,0.717319802232601
pQBR0299,-0.150106673941639,10.266896945431,0.923187914884176,0.354321585307843,0.554614458175508,0.187492720045238,10.266896945431,1.44871602185562,0.250378646488949,0.4320613466488
pQBR0300,-0.186551068942299,8.84908274492633,1.29661770017081,0.275558010708645,0.482478861240778,0.128532619672744,8.84908274492633,0.625832261809819,0.44320512911327,0.614063918017805
pQBR0301,0.121154477362201,11.3709642057509,0.711770902199384,0.414243172889914,0.610022392296619,0.160714156582678,11.3709642057509,1.24926195730347,0.284097891485856,0.465064356610409
pQBR0302,0.329161420254932,10.8061617175677,4.63564297262292,0.0508499755972371,0.156646546878677,0.564467776296309,10.8061617175677,13.5867684036488,0.0027801574972952,0.024379442830866
pQBR0303,0.464624262203978,9.3860342806398,9.8820776016708,0.00784040605807981,0.045644780782802,0.631796340481515,9.3860342806398,18.2390309138801,0.000929014200600848,0.0134375695426579
pQBR0304,-0.0489649778631759,12.356327574674,0.226370301316194,0.642192634376455,0.793199171141977,-0.12048588490995,12.356327574674,1.36862462256186,0.263230513809005,0.44777290249361
pQBR0305,-0.0355054640357843,11.8464447820706,0.0547997411102021,0.818590354349499,0.901581081518573,0.218682285337753,11.8464447820706,2.0778260521324,0.173309689427245,0.373162304262267
pQBR0306,-0.00921604390027001,9.74639885152597,0.00514985691778737,0.943892699445471,0.96554488966864,0.183932836153803,9.74639885152597,2.06055195524627,0.174980633938628,0.375015114558927
pQBR0307,0.237596463878292,10.9098006177247,3.08611116175658,0.102680894038385,0.258815296958824,0.643964021101722,10.9098006177247,22.59021316375,0.000386546628763982,0.00834237538824354
pQBR0308,-0.290757544393662,5.74942711523242,1.40602943979634,0.257120544767791,0.460313185014997,-0.350050723299593,5.74942711523242,2.02034096049748,0.178950404615436,0.376820675798143
pQBR0309,0.00795097724710414,5.97237300340193,0.00140572139111371,0.970666541049157,0.980927286726209,-0.169404239484622,5.97237300340193,0.621621415219925,0.444707710273717,0.61436498702554
pQBR0310,-0.259802611894665,8.35892512248889,3.41465431810085,0.0876950893989513,0.232879181848326,-0.0505041366775696,8.35892512248889,0.130152359352315,0.724118979944419,0.831215691202444
pQBR0311,0.184323112794029,9.354334525529,2.22729093057847,0.159663445506767,0.350087738313003,0.493782626431696,9.354334525529,16.1146763933149,0.00149666522202111,0.0170334756220497
pQBR0312,-0.1183718306812,9.10823999033694,1.01227215158539,0.332877835528749,0.533944984505846,0.125566164694327,9.10823999033694,1.14575260581989,0.304079038782615,0.487750941402987
pQBR0313,0.284924101514649,10.8768954607365,0.982221189447966,0.339895796226518,0.541567301987585,0.333969370604217,10.8768954607365,1.34577013484115,0.267060585148974,0.447912139302491
pQBR0314,-0.330107034353703,9.33671374196603,7.66820111704057,0.0160524150222589,0.0710467998207383,-0.365891603683908,9.33671374196603,9.35749974810338,0.00922084426393202,0.049523186046736
pQBR0315,-0.166794027727746,10.5120663522941,1.39837010689585,0.258355985891619,0.460799109164903,-0.57627858632244,10.5120663522941,16.4201102244528,0.0013943202719853,0.0162557339026579
pQBR0316,-0.109461433196889,11.9619919572416,0.883015063258869,0.364657804458372,0.564098480683177,-0.838349727788744,11.9619919572416,50.7731328635345,8.1375406196899e-06,0.00194487220810589
pQBR0317,-0.308113962240473,7.9111581055855,1.63325863256124,0.223793734915596,0.42115513893565,-0.631371108269342,7.9111581055855,6.65235702156002,0.0230205215551244,0.0898271405075686
pQBR0318,-0.213619942732786,7.70870474558789,1.65534237101967,0.220866479869191,0.4178429759865,-0.277592840483876,7.70870474558789,2.77518928899296,0.119842601617111,0.288000080038552
pQBR0319,0.277300578274521,7.78130310746606,2.86136865761699,0.114754393934336,0.275641207540766,0.423955856396501,7.78130310746606,6.69657824402795,0.0226511880363517,0.0894815527386454
pQBR0320,0.0713443759109963,8.62616109025534,0.279755957367658,0.605852026896889,0.760097818521556,0.219663002268277,8.62616109025534,2.65263542285233,0.127566892327295,0.299611704196459
pQBR0321,0.189485412617524,7.22509941962527,0.670418853126534,0.427788044175238,0.621527918284996,0.0722858406411353,7.22509941962527,0.0964023733120791,0.761154961520333,0.850074933660559
pQBR0322,0.0896579625049163,10.0866981505589,0.212759673171049,0.652301591289274,0.80166639348205,0.0746139840589806,10.0866981505589,0.147416378024616,0.707276884469537,0.822575062716396
pQBR0323,-0.0110068125850028,11.0497662013614,0.00766786159480122,0.931567443849007,0.963829519826461,0.0543280275460339,11.0497662013614,0.186809249916649,0.672729886910218,0.792968220139664
pQBR0324,-0.14730131712592,11.0864848013209,1.87410352348091,0.194394871052054,0.388789742104107,0.0398580858868234,11.0864848013209,0.137382100642562,0.716918771991351,0.831215691202444
pQBR0325,-0.160088875716297,8.878870915656,1.21610315721192,0.290295432582705,0.500120721190029,-0.0170113046021701,8.878870915656,0.0138138099235777,0.908250444930754,0.945846868577125
pQBR0326,-0.315238256414533,7.08499301397259,2.71756066823374,0.123400675819483,0.290569079023216,-0.022342827345291,7.08499301397259,0.0140474456234523,0.907481680946601,0.945846868577125
pQBR0327,0.0616981607507286,9.20070141725716,0.348813624863047,0.564999916083567,0.734282661459721,0.517022939717614,9.20070141725716,24.8271314669975,0.000257144203769661,0.00682860718899433
pQBR0328,-0.027995153997422,6.97370069887435,0.0216523183675379,0.885292955122145,0.934150182226016,0.232948055646631,6.97370069887435,1.55078694088819,0.235187718355851,0.420132719888673
pQBR0329,0.0722832638125798,6.94680210017304,0.148119736310975,0.706615430960055,0.827848470585554,0.272497541064156,6.94680210017304,2.14980417322294,0.166561220643556,0.362106935965752
pQBR0330,0.0300783557378919,7.19493330856796,0.0253298620935177,0.876015117545657,0.930522724859609,-0.0691173407272338,7.19493330856796,0.131113968376227,0.723148353879524,0.831215691202444
pQBR0331,0.169054657640324,11.5345960445828,1.21098747382613,0.291268155355976,0.500120721190029,0.184241660137184,11.5345960445828,1.43663050263485,0.252263118163022,0.43374737583426
pQBR0332,0.0885143910876882,8.02913788111705,0.270587517389099,0.611758028837082,0.763499576459856,0.14615090301182,8.02913788111705,0.737921727826444,0.406023170452904,0.584511297146496
pQBR0333,0.104674659634089,8.14346153159135,0.368214665828294,0.554519673881456,0.726192887987222,0.196877528760094,8.14346153159135,1.30483610174071,0.274111833998803,0.454949502261902
pQBR0334,0.503126024947567,8.7320746206412,5.93130491240586,0.03016988993191,0.111792305329093,0.364420979124084,8.7320746206412,3.08626472635415,0.102673190981366,0.268184619066082
pQBR0335,0.359539934439245,6.77096977123197,2.02123880316428,0.178860521696328,0.370109650956038,0.312986626574972,6.77096977123197,1.51339658018384,0.240606318216254,0.424390480100995
pQBR0336,0.140249145181097,7.1184625872628,0.590144104119291,0.456210699883362,0.641378572188962,0.31579115048837,7.1184625872628,3.01685605199539,0.106228019488698,0.2706748833049
pQBR0337,-0.152225161982078,8.04466360043456,0.883630958195564,0.36449598873748,0.564098480683177,-0.011335489568819,8.04466360043456,0.00492460899331403,0.945131230317068,0.963268076954282
pQBR0338,-0.0939755314421905,6.78573131697026,0.229773085235823,0.639724356392836,0.792197519056414,0.214566330885764,6.78573131697026,1.23541758003216,0.286663075027703,0.467661944925741
pQBR0339,-0.0214540550343632,8.00588272120519,0.0219147599951043,0.884605299820238,0.934150182226016,0.225943637298689,8.00588272120519,2.45857159501218,0.141103361373183,0.324266378540296
pQBR0340,0.022976302377777,9.79956180666658,0.0367655120099341,0.850931491197612,0.918160841517965,0.311947786729509,9.79956180666658,6.80054327670269,0.0218099641813654,0.0868763573224387
pQBR0341,-0.108825119365114,9.3643329900241,0.642401598022637,0.437372265019265,0.631613119876764,0.0839864644538467,9.3643329900241,0.385388379402714,0.545557110276784,0.702901074696234
pQBR0342,0.226030575238976,10.4804091545841,3.8795005461043,0.070759169429952,0.196644668532076,-0.184470357951136,10.4804091545841,2.55500371783121,0.134165083837261,0.311315097447624
pQBR0343,0.191908876516276,9.18786192429162,1.18731756846221,0.295828146910444,0.500120721190029,-0.57240902843335,9.18786192429162,10.1000075039994,0.00733881879643824,0.0427799437158229
pQBR0344,0.411185705019165,9.6268718158887,6.36515145420371,0.025599302728116,0.0971148151114243,0.10385524789198,9.6268718158887,0.401890556311132,0.537205210846878,0.697782855393499
pQBR0345,0.228303454524434,6.11910072409823,1.05264787357739,0.323772049746608,0.52618713436293,0.101534482219374,6.11910072409823,0.205049610391067,0.658205063484422,0.780818626241521
pQBR0346,0.0772829783390304,6.11997705189599,0.100054380278967,0.756829539283443,0.855235271341574,-0.173500659005061,6.11997705189599,0.485329246545267,0.498392652335946,0.659921572899119
pQBR0347,-0.323942346013768,5.70329587566046,2.01345620072147,0.179641554208897,0.370123547033849,-0.304535275876291,5.70329587566046,1.79100013570384,0.203939056908338,0.397002370079361
pQBR0348,-0.130863579590587,8.09345188968785,0.70616159696968,0.416040376336188,0.610022392296619,0.105180118014122,8.09345188968785,0.460622797818175,0.509338365057784,0.672551763805582
pQBR0349,0.0281657949255379,8.18463592861982,0.0455237813966941,0.834382225886171,0.910581515921438,0.111508987906597,8.18463592861982,0.713201126461935,0.413786889126059,0.585655481437831
pQBR0350,-0.0940283856417735,9.5031990101828,0.594214543377532,0.454695639701605,0.641134264829992,0.0447585660365409,9.5031990101828,0.135135095306948,0.719132899918755,0.831215691202444
pQBR0351,-0.240217471389613,9.75572326552768,2.56825131379526,0.133245362376741,0.300316213769006,-0.0324321282115291,9.75572326552768,0.0472098711063161,0.831393689238715,0.90319587149115
pQBR0352,-0.153238582452591,9.81911752771325,1.66135501183544,0.220078191247363,0.4178429759865,0.023836386759905,9.81911752771325,0.0403859785206629,0.843864890741657,0.912558129665038
pQBR0353,-0.100557523352815,9.72202536657256,0.711581807175774,0.414303559037563,0.610022392296619,-0.0611717167441289,9.72202536657256,0.26275868433176,0.616903805940094,0.760000049585992
pQBR0354,-0.232817137277793,8.47776794131624,3.06081900546903,0.103959282460448,0.258815296958824,-0.0654766581679094,8.47776794131624,0.242732180460714,0.63052735287548,0.764954504249948
pQBR0355,0.228080248648185,9.40232592334786,3.71108102702774,0.0763962641670273,0.208670938696223,0.0156674578227925,9.40232592334786,0.0172258593786843,0.897606514958448,0.942081861638864
pQBR0356,0.117196218747677,10.176994307453,1.1536577086095,0.302485317563463,0.502655758610571,0.0392165831029564,10.176994307453,0.128377540786729,0.725921220172217,0.831215691202444
pQBR0357,0.0566523882055687,10.4885800008141,0.279853799303777,0.605789679591132,0.760097818521556,0.0497856095431002,10.4885800008141,0.215240567270806,0.650429908014681,0.779211769501297
pQBR0358,-0.184426907155036,9.70574000391714,2.05950085585196,0.175082967629116,0.366933253387512,-0.253050499619672,9.70574000391714,3.83867529405537,0.072078300172239,0.207550767965845
pQBR0359,-0.427897766817015,9.30311638696101,7.43789902374949,0.0173856996770799,0.0748681481589566,-0.202006658995768,9.30311638696101,1.66779803155196,0.21923756158647,0.406184319528422
pQBR0360,-0.167674319993787,10.6333940228352,1.5830956236006,0.230634933997806,0.427300381592835,-0.154902230437348,10.6333940228352,1.34856942835401,0.26658742507209,0.447912139302491
pQBR0361,-0.257030757464759,11.5554052267881,5.11715097449644,0.0416347531620778,0.14013424648098,-0.204142137666368,11.5554052267881,3.22838236415216,0.0958367836138941,0.255921690320902
pQBR0362,-0.507705544042009,10.2306849936601,15.1541448467392,0.00188017384935372,0.0166430203702051,-0.17474416433872,10.2306849936601,1.81726316056215,0.200858676959278,0.395104722578333
pQBR0363,0.069165121869467,7.94472964712609,0.260725120829141,0.618256445573502,0.769600471312848,0.00195700783734638,7.94472964712609,0.000205975503269375,0.988769088586696,0.995013945988297
pQBR0364,0.0641441409708108,9.69002982771363,0.36951171745973,0.553832736393279,0.726192887987222,0.144768681854737,9.69002982771363,1.87802194887765,0.193959214971656,0.389096101549118
pQBR0365,-0.1581827649455,7.29304414194614,0.776476179902579,0.394359065191323,0.590920480129945,0.220376029728827,7.29304414194614,1.5482125430264,0.235555583535909,0.420132719888673
pQBR0366,-0.0834022811372743,7.16593555575983,0.177749357714456,0.680262261372228,0.811754759559007,0.0369202659370243,7.16593555575983,0.0351827933774865,0.854134237532457,0.917474529304527
pQBR0367,0.110582891156865,9.04925130356028,0.613188588918856,0.447742077670018,0.635076300077948,0.183994830519886,9.04925130356028,1.70063676372349,0.21501766175459,0.40159042833309
pQBR0368,0.129775780446282,10.4327884556602,1.13387514189742,0.306495792432771,0.505189616492636,0.127763973039524,10.4327884556602,1.0963385293646,0.31431331846628,0.500805887422939
pQBR0369,0.127110081438841,9.25251003013473,0.958770350000763,0.345522081957105,0.546885944289723,0.169096999788583,9.25251003013473,1.69356122282644,0.215917866279506,0.40159042833309
pQBR0370,0.421270212029484,8.54091951334212,8.02515123330835,0.0142151138957642,0.0653348504055314,0.406004010975561,8.54091951334212,7.43664768370743,0.017393290715714,0.0784338958689746
pQBR0371,0.0725778531547776,11.2994174438228,0.430086611769668,0.523483015536493,0.700910032006845,-0.0354394528112794,11.2994174438228,0.102169812646195,0.754363899559231,0.844463569061621
pQBR0372,-0.114609291356888,8.01048873119393,0.357275951009669,0.560380596626027,0.731863183571697,-0.645816588643583,8.01048873119393,10.744456102144,0.00606048503274062,0.0408949239053191
pQBR0373,-0.0633111433558237,6.46560832179653,0.0704144490307092,0.794931728999655,0.883295297867711,-0.337024181780115,6.46560832179653,1.90683940147895,0.190793509814003,0.38808211783444
pQBR0374,0.530909845285102,6.64438645461438,3.58344425117722,0.0810315898950986,0.217601685223917,0.373681446669775,6.64438645461438,1.70495639130421,0.214470492416626,0.40159042833309
pQBR0375,0.494435536770502,7.20881211488356,7.57735073545016,0.0165635468163771,0.0719761398020751,0.746155199315453,7.20881211488356,17.4817251242335,0.00109663744496833,0.0145609082970795
pQBR0376,-0.156697615550826,8.01072563847464,0.530509107359104,0.479420003681574,0.662320120693041,-0.0207616397448374,8.01072563847464,0.00939592267643278,0.924271251791855,0.952158746457989
pQBR0377,0.0946369935648157,11.020050689069,0.344961749363177,0.567127935704393,0.734653531888075,0.369430562994932,11.020050689069,5.26634617600273,0.0391919291063343,0.131927761357942
pQBR0378,1.23186371895573,11.1048273209226,17.4281147207528,0.0011097766924202,0.011286665084614,0.77297506611761,11.1048273209226,6.89872052068744,0.0210490774800704,0.0849236323663178
pQBR0379,-0.0373947185558876,9.81470553904495,0.0301964572372506,0.864745187824773,0.923071904248067,-0.0720085125465051,9.81470553904495,0.110720462484718,0.744676246008091,0.837541754333806
pQBR0380,-0.111439341403841,10.5075752634529,1.0482840469829,0.324738921834863,0.52618713436293,0.0429398760215416,10.5075752634529,0.155783197884212,0.699523636595127,0.816440628906064
pQBR0381,-0.171528111807273,10.253292504461,1.70832547143823,0.214044989526439,0.414224716573433,-0.0663338550199997,10.253292504461,0.255454577802817,0.621793766227399,0.760409186421114
pQBR0382,-0.393575441633231,7.4032318164284,3.90567075521164,0.0699288273134867,0.195473564069279,-0.283599532860707,7.4032318164284,2.05277799049983,0.175739300546443,0.375015114558927
pQBR0383,-0.212400770316644,12.9743426340307,2.64225995908468,0.128248704799207,0.297017559098974,-0.136115158364819,12.9743426340307,1.08535508547394,0.316653919905859,0.502859048887045
pQBR0384,-0.0536095419550602,9.57241061330609,0.30981529821,0.587329797486609,0.754856159517557,-0.148440043081958,9.57241061330609,2.35459285247445,0.149093335745571,0.336163275879164
pQBR0385,0.00948815899497942,9.88508979426754,0.00783924014485044,0.930809054316076,0.963829519826461,0.076207476751911,9.88508979426754,0.504690270411357,0.490104019906376,0.656108771709391
pQBR0386,0.544589602211998,12.031497148097,5.79932080095775,0.0317468841182588,0.114212261138576,-0.2732971678018,12.031497148097,1.45317558273444,0.249688037502026,0.4320613466488
pQBR0387,-0.201240634569737,9.2017865943275,3.06811162760438,0.103588692461938,0.258815296958824,-0.196245418462443,9.2017865943275,2.90604441385608,0.112221211827188,0.275085842325107
pQBR0388,-0.174794961177319,8.11423230998953,1.62006007344736,0.225567578021505,0.421176962087028,-0.123876943965425,8.11423230998953,0.810314436230709,0.384540711950265,0.565570647114544
pQBR0389,-0.041053679672874,7.7042762931946,0.0501153717645367,0.826372562813399,0.905977259231203,-0.167975287269768,7.7042762931946,0.816864627248594,0.382683180167013,0.565570647114544
pQBR0390,0.0566932730614439,8.81439414151818,0.210419672898121,0.654079275016735,0.80166639348205,0.170819617317077,8.81439414151818,1.90741939031464,0.190730479976388,0.38808211783444
pQBR0391,0.157110517294521,9.6684786520837,2.12411116629054,0.168931255910156,0.357213716168483,0.186451872290984,9.6684786520837,2.97529167465352,0.108428931550562,0.272784364637729
pQBR0392,0.950982605947763,8.07154272466612,17.8380432263246,0.00101374983727786,0.0105341830917134,0.727226025509147,8.07154272466612,10.2256065389447,0.00706675156914766,0.0426438458695268
pQBR0393,-0.578806014874369,9.93363623817106,19.9308712363955,0.000651053715901453,0.00778009190502236,-0.477031410472421,9.93363623817106,13.5520253146808,0.00280516601610383,0.024379442830866
pQBR0394,-0.127484994015976,9.82690312895356,1.19077328951041,0.29515625927638,0.500120721190029,0.000988328410999727,9.82690312895356,7.16509500889329e-05,0.993375872714748,0.996987562604583
pQBR0395,-0.0528320008461108,9.39278683483053,0.1498045858005,0.705038322781972,0.827848470585554,0.0230348573029382,9.39278683483053,0.0284715386168347,0.868624617917845,0.921002233989447
pQBR0396,-0.232684914718744,8.75072946933781,1.8483975218091,0.197284376496476,0.391294323507533,-0.237122853373432,8.75072946933781,1.91362682652589,0.190057562868922,0.38808211783444
pQBR0397,-0.24899232840377,6.38078154341564,1.4291361494113,0.253441256702568,0.456729901169713,-0.034838151789229,6.38078154341564,0.0288854929580358,0.867682799822765,0.921002233989447
pQBR0398,-0.014522646203837,9.63163802979669,0.00784001506574692,0.930805644200922,0.963829519826461,0.219439233104903,9.63163802979669,1.80515036589058,0.202271848032506,0.396253866227615
pQBR0399,-0.22252185787042,8.36982758472202,2.590597957027,0.131711596070745,0.299800680580078,0.0231490825873856,8.36982758472202,0.028435283064941,0.868707440729681,0.921002233989447
pQBR0400,0.0112102941033702,10.1431454852452,0.00547694143403794,0.942141741856459,0.96554488966864,0.263648457378471,10.1431454852452,3.03039911221048,0.105522724087921,0.2706748833049
pQBR0401,-0.018796838411846,11.3874233913096,0.0393936986823958,0.845767656150986,0.916488626571662,0.0536305537443509,11.3874233913096,0.320471544462224,0.581049106130347,0.72898024338663
pQBR0402,-0.0986645992050902,9.24607447665463,0.658449442484497,0.431840765396094,0.625514805634342,-0.259412090390765,9.24607447665463,4.49857594734881,0.0539044213807644,0.169515219868456
pQBR0403,-0.433853174545742,8.36900714679109,8.80645165403766,0.0109866716253062,0.0577102091966632,-0.252418286110693,8.36900714679109,3.00738430522752,0.106724718553619,0.2706748833049
pQBR0404,-0.633463209846351,8.00794941259545,15.2943921611314,0.00181762814833238,0.0163929482057146,-0.95557612559884,8.00794941259545,33.2252323620114,6.78223386529364e-05,0.00540317964601727
pQBR0405,0.669396749792897,7.35582351862063,10.685683296955,0.0061656680552988,0.0382751861095172,0.171288445239864,7.35582351862063,0.659456406070884,0.431497445218228,0.604855656346959
pQBR0406,-0.428070906510598,7.85543730104361,4.20513386820293,0.0612127400721653,0.180582701588466,-0.191159063721331,7.85543730104361,0.856317840485814,0.37177616032622,0.558300299612583
pQBR0407,0.023852512327686,10.0115375302716,0.0307328225863597,0.863562309605542,0.923071904248067,0.134843303831374,10.0115375302716,0.983896998911699,0.339498836417915,0.523684158158035
pQBR0408,-0.276875071442095,13.8525443739864,4.23010457561749,0.0605465301137302,0.179759263319025,-0.156490534602039,13.8525443739864,1.35267677266671,0.265895222009854,0.447912139302491
pQBR0409,0.50469027104296,10.0895257998562,21.4842717625785,0.000477649399516977,0.00634212258247542,-0.190752108737848,10.0895257998562,3.00169999170104,0.107024169340222,0.2706748833049
pQBR0410,0.0741801425589858,9.75013414467742,0.412959659263446,0.531738389150042,0.706030416704778,-0.00986492602181879,9.75013414467742,0.00726583520525818,0.933380753726187,0.957416309616131
pQBR0411,0.0287587224458129,11.0040954551747,0.0748082751834764,0.788794913412089,0.88094385189481,0.0281059421000675,11.0040954551747,0.0712503661296385,0.793748651337422,0.872211161699512
pQBR0412,-0.321551383242416,10.1219901646978,9.3116301066234,0.00935450098617054,0.0513959939240174,-0.429912190686751,10.1219901646978,16.5100733051086,0.00136573883970027,0.0162557339026579
pQBR0413,0.0859226564444626,9.08426275430545,0.621292826946316,0.444825313130037,0.63470596918256,0.20875148149892,9.08426275430545,3.66496378446717,0.0780332091015488,0.220709313316807
pQBR0414,-0.128741260884461,12.2667058682785,1.42506666600755,0.254084087398643,0.456729901169713,-0.351985025950872,12.2667058682785,10.6091219792197,0.00630589066421019,0.0412906265409927
pQBR0415,-0.212084341598207,10.0249050703312,4.4808646407722,0.0543148707401207,0.162474177604618,-0.37152260880778,10.0249050703312,13.5979630235875,0.00277215468218602,0.024379442830866
pQBR0416,-0.306726124804919,9.4776532793033,8.13212336797645,0.013713253783069,0.0636401486243397,-0.399747126479984,9.4776532793033,13.6620558402595,0.00272684764192215,0.024379442830866
pQBR0417,-0.174887520207974,11.0126639116223,1.12114139154608,0.309116806172002,0.507558569495193,-0.142643155854136,11.0126639116223,0.7466822105731,0.403326326331551,0.582447081530155
pQBR0418,-0.153860795509731,11.0120668550234,0.709225683453522,0.41505713394657,0.610022392296619,-0.146037043838485,11.0120668550234,0.639418936614754,0.438412994247211,0.610966213557338
pQBR0419,0.0402873934913355,10.8290262659704,0.0943289404469858,0.763651055707572,0.85888283441934,0.0343138760613964,10.8290262659704,0.0683583930566942,0.797874190625612,0.874733631006978
pQBR0420,-0.331494844305402,11.6727211094989,4.77408537595151,0.0479718562887563,0.152870315373503,-1.53771129612232,11.6727211094989,97.0978918165424,2.29984360310723e-07,0.000109932524228526
pQBR0421,-0.0853624405044952,9.32250955606046,0.511601570215324,0.487203726257912,0.66920511825081,-0.0761511253147299,9.32250955606046,0.406174336473678,0.535076956249358,0.69691222094603
pQBR0422,-0.208410603793013,8.49090524196056,2.03329260186646,0.177659369059798,0.369222514828624,-0.190684460234645,8.49090524196056,1.70165959844686,0.214887934361982,0.40159042833309
pQBR0423,-0.0265942833298099,11.1047382063555,0.0419136020523202,0.84098264190756,0.915694083899348,-0.0117994258058259,11.1047382063555,0.00824788699786628,0.929033758013046,0.955006744796206
pQBR0424,-0.0425363907215319,10.9348882856455,0.0519678343305784,0.823250949504168,0.904629778995384,-0.148837609361364,10.9348882856455,0.635481692044567,0.439792976026868,0.611107681804776
pQBR0425,-0.146540591954131,8.77646300204382,0.61337358368078,0.447675146757833,0.635076300077948,-0.185659341068835,8.77646300204382,0.983352248552053,0.339627801315881,0.523684158158035
pQBR0426,-0.28159195515494,6.20414017522923,0.801695749510811,0.387005775832184,0.587265907453283,0.0861069471563535,6.20414017522923,0.0803086516584732,0.781380970174894,0.869903479278595
pQBR0427,-0.35185424339011,6.60777365108878,1.97877437119959,0.18317547295124,0.374178957567062,-0.21853969076463,6.60777365108878,0.777107430086035,0.39417240885798,0.577958317282559
pQBR0428,0.0481242915295656,11.2740340381542,0.274207172360798,0.609411175498641,0.762561627979975,0.252109275948378,11.2740340381542,7.52332984087856,0.0168765091276193,0.0768282986952574
pQBR0429,-0.226110961739554,9.86429504831742,3.58439228255757,0.0809959286497919,0.217601685223917,0.0593323450484336,9.86429504831742,0.248806014230088,0.626322656610307,0.761786844426785
pQBR0430,-0.317779020356781,7.87580347042406,3.72862388238949,0.0757844670463927,0.20818951292055,-0.195048580537391,7.87580347042406,1.41337017168974,0.255943942586274,0.43693287341514
pQBR0431,-0.0947574149472316,9.02686250574562,0.133233819978361,0.721022864656033,0.838561871789742,0.26745759010081,9.02686250574562,1.0693855673853,0.320101324963346,0.505771876303949
pQBR0432,-0.168195940712486,8.11166115739477,0.607941971412081,0.449647181738178,0.635891576540974,0.0748969503689824,8.11166115739477,0.12133988011113,0.733210480021543,0.832054421503629
pQBR0433,-0.139983632973654,7.02871659592474,0.36851454719701,0.554360703445724,0.726192887987222,0.0454736366013088,7.02871659592474,0.0394085370144315,0.845739019752326,0.912558129665038
pQBR0434,0.342549079375844,6.00839845631966,1.02408050071784,0.330177188493798,0.531762510561852,0.719627732505954,6.00839845631966,4.7857665467825,0.0477380007336444,0.154180840207311
pQBR0435,0.23924539999619,11.0993602114609,3.78364795758935,0.0739034674214416,0.204195707673116,0.323152628439332,11.0993602114609,6.88649915889347,0.0211420758401503,0.0849236323663178
pQBR0436,-0.106125881123542,7.972630022824,0.579514433236635,0.460207120500598,0.645099717299959,0.192256155571046,7.972630022824,1.93130228885897,0.188158068513301,0.387670503229992
pQBR0437,0.166174913435988,7.41210581975509,0.84239953595505,0.375569906758886,0.576114759527405,0.24808189072317,7.41210581975509,1.87272846232637,0.194548050774559,0.389096101549118
pQBR0438,0.190245189476928,11.1659301291616,3.09065891048325,0.102453070106155,0.258815296958824,0.0946968238170491,11.1659301291616,0.763619638727605,0.39819043557464,0.580016606152882
pQBR0439,-0.0487387165207821,10.485935617727,0.178810131370658,0.679368679284356,0.811754759559007,0.0145600941332478,10.485935617727,0.0159663330404933,0.901398754577061,0.942819703912112
pQBR0440,-0.00212646194349693,9.6238661365965,0.000466918226086732,0.983091414545032,0.991298221706433,0.181072755962926,9.6238661365965,3.39349069752684,0.0885766539179376,0.240566139618035
pQBR0441,-0.0157027780526236,9.4487235110695,0.017403065933677,0.89708445404951,0.942431580298167,0.121851185612334,9.4487235110695,1.04681117268486,0.325066188953948,0.509447994491761
pQBR0442,0.33620316271535,10.3157211063444,7.70400259114038,0.0158560833287941,0.0708337180482577,0.218928948847261,10.3157211063444,3.25071674139756,0.0948134811278899,0.254611483028828
pQBR0443,0.338761266713944,9.73947059893862,5.79673608222692,0.031778725379562,0.114212261138576,0.258724747529088,9.73947059893862,3.35731037932975,0.0901087692582228,0.243344585906387
pQBR0444,0.596435130996738,7.6601358060909,7.11857400325763,0.0194553900470281,0.0808667516737342,0.0801089533091773,7.6601358060909,0.1219341093523,0.732585903661313,0.832054421503629
pQBR0445,0.192565420735154,9.69953983387413,3.68021565861727,0.0774871987726017,0.210448187575589,-0.124812500877767,9.69953983387413,1.52052001732126,0.239561315878748,0.424390480100995
pQBR0446,-0.157547795438446,9.04518633152538,0.632910156802623,0.440698104293304,0.63262965046456,-0.645425334803013,9.04518633152538,10.151301843315,0.00722625840048466,0.0426438458695268
pQBR0447,-0.647099872658028,8.96906834860168,14.207255358026,0.00237432215166784,0.0199109822543374,-1.16313536175871,8.96906834860168,43.5903404755805,1.78443464422987e-05,0.002661746102729
pQBR0448,-0.0553107599142978,9.27761579254232,0.172703351070489,0.684556912687636,0.811754759559007,-0.23921765022661,9.27761579254232,3.17784558158737,0.098202324235176,0.259340944665271
pQBR0449,0.0566169888074004,8.70528589497572,0.187684359242856,0.67201399294899,0.811168405630347,-0.181277284910859,8.70528589497572,1.88679254889455,0.192988630087132,0.389096101549118
pQBR0450,0.304182028799005,10.177709622759,2.25580066033193,0.157216418112731,0.348689390539215,0.249477335124516,10.177709622759,1.51590716544777,0.240237327690404,0.424390480100995
pQBR0451,0.50751638822669,11.3418263524589,11.5804057297247,0.0047691283450398,0.0325663335561289,0.393173934810788,11.3418263524589,6.95156061319779,0.0206524787865563,0.0843750842732815
pQBR0452,0.502626277319628,10.8325959204854,11.6216564642818,0.0047141965275325,0.0325663335561289,0.390320852196768,10.8325959204854,7.00376353755935,0.0202692500404185,0.0838958273500155
pQBR0453,0.376341948690984,10.7896476450131,6.38499159893509,0.0254105891806892,0.0971148151114243,0.281743001364746,10.7896476450131,3.57359470426395,0.0814032163656213,0.227287507632392
pQBR0454,0.109404181492823,9.20664194770808,0.545923607370812,0.473231602119405,0.655665813950944,-0.0693658530089402,9.20664194770808,0.216147051678543,0.649749325221278,0.779211769501297
pQBR0455,-0.18921517928759,10.0585173038287,3.00372997262328,0.106917111619326,0.263092445650446,-0.265934986753461,10.0585173038287,5.88506744124278,0.0307116008779812,0.112062177249428
pQBR0456,0.0239288160959888,9.75222523083113,0.0300191838422081,0.865138521136263,0.923071904248067,-0.0628807928572962,9.75222523083113,0.204920269123292,0.65830524346304,0.780818626241521
pQBR0457,-0.28255681660979,9.51064695925158,6.39359764058693,0.0253292404770096,0.0971148151114243,-0.0586560322257679,9.51064695925158,0.276526590493556,0.607917826722902,0.752660445505866
pQBR0458,-0.0875460082570502,7.68168001132513,0.296554590379832,0.595348716292184,0.757839003601814,-0.245562783988154,7.68168001132513,2.27747433854146,0.155387643957218,0.347080812203505
pQBR0459,-0.187508248505192,10.575504322478,1.96662299656542,0.184434624117716,0.374706106371857,-0.172148567707679,10.575504322478,1.65391383682438,0.221054311748986,0.406770189892183
pQBR0460,-0.183185072282844,10.8950585025589,2.23081578295041,0.159358317041271,0.350087738313003,-0.0437532669560788,10.8950585025589,0.127439975323082,0.726878993561969,0.831215691202444
pQBR0461,0.224967240625264,9.59911345098201,4.5737737282511,0.0522024296004305,0.157928869297505,0.116059648020402,9.59911345098201,1.20768048857254,0.291899364079118,0.474584680373533
pQBR0462,0.512567651425685,11.0517135505499,15.9975210244711,0.00153821478163145,0.0141397435696122,0.344364050730786,11.0517135505499,7.20322202346402,0.0188798455692076,0.081302398036768
pQBR0463,0.322348596796819,10.4173336065328,8.67828610000787,0.0114522197964405,0.0588619469107373,0.126852510932991,10.4173336065328,1.33766001660561,0.268437873165852,0.448647913892578
pQBR0464,-0.0424845230525066,9.47080305366207,0.116787191604154,0.738053996939281,0.844664763433107,-0.0518366337085435,9.47080305366207,0.173354402297073,0.683998660496761,0.803320294146074
pQBR0465,-0.297049632308966,9.87928647493175,6.98677383799536,0.0203930501727878,0.0826091354456999,-0.234836861009576,9.87928647493175,4.36972206003619,0.0569774193806943,0.173472652636764
pQBR0466,-0.286815435386979,12.6279177996769,4.10447394183351,0.0639889161082367,0.185373950907498,-0.0688892015734614,12.6279177996769,0.23715196855242,0.63444901310974,0.767763615864444
pQBR0467,-0.14861972305015,10.7241698510263,1.96118848713917,0.185001341221252,0.374706106371857,0.143947309662921,10.7241698510263,1.84583459862068,0.197575490266984,0.393504518115076
pQBR0468,0.191662109514446,8.65885031321732,1.66746210619721,0.219281286275046,0.4178429759865,-0.025999728435335,8.65885031321732,0.0301311797463748,0.864889886191914,0.921002233989447
pQBR0469,-0.294629563232222,6.49472255399102,2.64477088914464,0.128083288879111,0.297017559098974,-0.38246170871023,6.49472255399102,4.40159962458567,0.056198122735591,0.17290168930219
pQBR0470,0.00901534447815834,11.5245750896152,0.0048862068854099,0.945345205784359,0.96554488966864,-0.110374313721325,11.5245750896152,0.730198055816123,0.408424211813661,0.584511297146496
pQBR0471,-0.0475386304668999,13.4806011189157,0.19562602033615,0.665606995625856,0.807732244642666,-0.240072801329826,13.4806011189157,4.97958747557331,0.0440486501824008,0.144214073884846
pQBR0472,-0.232573616714546,10.365776350854,2.55991907899591,0.133822915340582,0.300316213769006,-0.633932863183368,10.365776350854,18.669093279733,0.000847111443849818,0.013061911940652
pQBR0473,0.361520559456379,11.0725829893601,8.5167025469072,0.0120723961143019,0.0599562630133186,-0.108398284488254,11.0725829893601,0.760209063137897,0.399216450678448,0.580016606152882
pQBR0474,0.75380107530741,7.44941834671963,16.5019665331656,0.00136828634377042,0.0128243308298482,0.242849342203371,7.44941834671963,1.62148128718915,0.225375686082037,0.408066583133386
pQBR0475,0.175231271932923,7.44493151121587,0.524043795431866,0.482057200270149,0.664044212475883,-0.175161491924021,7.44493151121587,0.499130195510007,0.49245932377056,0.656108771709391
pQBR0476,-0.410086551790347,9.28175286432008,3.98574779337506,0.0674598424570021,0.191939313657423,-0.260553359875279,9.28175286432008,1.62304281337315,0.225165096482216,0.408066583133386
pQBR0477,-0.121048537406168,11.5868867813092,1.18593999463434,0.296096577608323,0.500120721190029,0.0216850401086025,11.5868867813092,0.0380949024291898,0.848296334640175,0.913255963869377
pQBR0478,-0.02972447120042,11.4720387678548,0.0765679314321603,0.786391900884614,0.880316928859122,-0.107415747327877,11.4720387678548,0.998075850398156,0.336166863358011,0.523412901254492
